{
    "@context": "https://linked.art/ns/v1/linked-art.json",
    "id": "urn:uuid:56977bea-d044-3d22-b9f5-b25869bcd39c",
    "type": "Person",
    "_label": "LAUG\u00c9E, GEORGES FRAN\u00c7OIS PAUL",
    "classified_as": [
        {
            "id": "http://vocab.getty.edu/aat/300111188",
            "type": "Type",
            "_label": "French",
            "classified_as": [
                {
                    "id": "http://vocab.getty.edu/aat/300379842",
                    "type": "Type",
                    "_label": "Nationality"
                }
            ]
        }
    ],
    "identified_by": [
        {
            "type": "Name",
            "classified_as": [
                {
                    "id": "http://vocab.getty.edu/aat/300404670",
                    "type": "Type",
                    "_label": "Primary Name"
                }
            ],
            "content": "LAUG\u00c9E, GEORGES FRAN\u00c7OIS PAUL",
            "referred_to_by": [
                {
                    "id": "urn:uuid:c65043a3-7049-3cae-8ba6-3f279603c915",
                    "type": "LinguisticObject",
                    "_label": "Knoedler Stock Book 4, Page 158, Row 22"
                }
            ]
        },
        {
            "type": "Name",
            "classified_as": [
                {
                    "id": "http://vocab.getty.edu/aat/300266386",
                    "type": "Type",
                    "_label": "Personal Name"
                }
            ],
            "content": "G. Laug\u00e9e",
            "referred_to_by": [
                {
                    "id": "urn:uuid:c65043a3-7049-3cae-8ba6-3f279603c915",
                    "type": "LinguisticObject",
                    "_label": "Knoedler Stock Book 4, Page 158, Row 22"
                }
            ]
        }
    ],
    "referred_to_by": [
        {
            "id": "urn:uuid:c65043a3-7049-3cae-8ba6-3f279603c915",
            "type": "LinguisticObject",
            "_label": "Knoedler Stock Book 4, Page 158, Row 22"
        },
        {
            "id": "urn:uuid:c5feae26-2eb0-353d-a089-133f6f5b6b7a",
            "type": "LinguisticObject",
            "_label": "STAR Knoedler Database"
        }
    ]
}