{
    "@context": "https://linked.art/ns/v1/linked-art.json",
    "id": "urn:uuid:d08ae36c-8d3a-32f6-8c07-df0e77644b24",
    "type": "Place",
    "_label": "\u00cele-de-France",
    "classified_as": [
        {
            "id": "http://vocab.getty.edu/aat/300236112",
            "type": "Type",
            "_label": "regions (administrative divisions)"
        }
    ],
    "identified_by": [
        {
            "type": "Name",
            "classified_as": [
                {
                    "id": "http://vocab.getty.edu/aat/300404670",
                    "type": "Type",
                    "_label": "Primary Name"
                }
            ],
            "content": "\u00cele-de-France"
        }
    ],
    "defined_by": "{\"type\": \"FeatureCollection\", \"features\": [{\"type\": \"Feature\", \"geometry\": {\"type\": \"Point\", \"coordinates\": [2.5, 48.5]}, \"properties\": {\"name\": \"\\u00cele-de-France\"}}]}",
    "referred_to_by": [
        {
            "id": "http://www.getty.edu/vow/TGNFullDisplay?find=&place=&nation=&subjectid=7002883",
            "type": "DigitalObject",
            "_label": "http://www.getty.edu/vow/TGNFullDisplay?find=&place=&nation=&subjectid=7002883"
        },
        {
            "id": "urn:uuid:c5feae26-2eb0-353d-a089-133f6f5b6b7a",
            "type": "LinguisticObject",
            "_label": "STAR Knoedler Database"
        }
    ],
    "part_of": [
        {
            "id": "urn:uuid:5e221554-a8e4-3c60-8623-918b1322d47b",
            "type": "Place",
            "_label": "France"
        }
    ],
    "exact_match": [
        {
            "id": "http://vocab.getty.edu/tgn/7002883"
        }
    ]
}