{
    "@context": "https://linked.art/ns/v1/linked-art.json",
    "id": "urn:uuid:d0e7dd29-144c-38c1-b45c-e5ea4e1855e8",
    "type": "Group",
    "_label": "Getty Provenance Index",
    "identified_by": [
        {
            "type": "Name",
            "classified_as": [
                {
                    "id": "http://vocab.getty.edu/aat/300404670",
                    "type": "Type",
                    "_label": "Primary Name"
                }
            ],
            "content": "Getty Provenance Index"
        }
    ],
    "referred_to_by": [
        {
            "id": "urn:uuid:c5feae26-2eb0-353d-a089-133f6f5b6b7a",
            "type": "LinguisticObject",
            "_label": "STAR Knoedler Database"
        }
    ]
}