{
    "@context": "https://linked.art/ns/v1/linked-art.json",
    "id": "urn:uuid:34f26f76-70f0-3195-99b7-d63662c41ea2",
    "type": "Activity",
    "_label": "Knoedler Sale of Stock Numbers A948, A951, A945, A942, A946C, A943, A952C, A952D, A1087 (1930-12-22)",
    "classified_as": [
        {
            "id": "http://vocab.getty.edu/aat/300055863",
            "type": "Type",
            "_label": "Provenance Activity"
        },
        {
            "id": "http://vocab.getty.edu/aat/300417642",
            "type": "Type",
            "_label": "Purchase"
        }
    ],
    "referred_to_by": [
        {
            "id": "urn:uuid:6f2b6d71-e9d3-3cfe-8fb7-8d8bfc326ae7",
            "type": "LinguisticObject",
            "_label": "Knoedler Stock Book 8, Page 99, Row 13"
        },
        {
            "id": "urn:uuid:c5feae26-2eb0-353d-a089-133f6f5b6b7a",
            "type": "LinguisticObject",
            "_label": "STAR Knoedler Database"
        }
    ],
    "timespan": {
        "type": "TimeSpan",
        "_label": "1930-12-22",
        "identified_by": [
            {
                "type": "Name",
                "content": "1930-12-22"
            }
        ],
        "begin_of_the_begin": "1930-12-22T00:00:00Z",
        "end_of_the_end": "1930-12-23T00:00:00Z"
    },
    "starts_after_the_end_of": [
        {
            "id": "urn:uuid:eaeb434a-fab3-3526-b441-ed68b8de4b9e",
            "type": "Activity",
            "_label": "Knoedler Purchase of Stock Numbers A941-A952 (1929-09-26)"
        }
    ],
    "part": [
        {
            "id": "urn:uuid:670442ea-89e5-3288-9274-0ff8fb0ef8be",
            "type": "Payment",
            "_label": "Payment for Stock Number A942 (1930-12-22)",
            "part": [
                {
                    "id": "urn:uuid:f5df1f0c-31e4-318c-b271-f3c60a6a6146",
                    "type": "Payment",
                    "_label": "M. Knoedler & Co. share of payment for Stock Number A942 (1930-12-22)",
                    "paid_amount": {
                        "id": "urn:uuid:2ac1e51c-f50b-385f-b08f-88698e90c102",
                        "type": "MonetaryAmount",
                        "_label": "10,105.00 pounds",
                        "value": 10105.0,
                        "referred_to_by": [
                            {
                                "type": "LinguisticObject",
                                "classified_as": [
                                    {
                                        "id": "http://vocab.getty.edu/aat/300027200",
                                        "type": "Type",
                                        "_label": "Note",
                                        "classified_as": [
                                            {
                                                "id": "http://vocab.getty.edu/aat/300418049",
                                                "type": "Type",
                                                "_label": "Brief Text"
                                            }
                                        ]
                                    }
                                ],
                                "content": "for numbers A948, A951, A945, A942, A946C, A943, A952C, A952D, A1087"
                            }
                        ],
                        "currency": {
                            "id": "http://vocab.getty.edu/aat/300411998",
                            "type": "Currency",
                            "_label": "British Pounds"
                        }
                    },
                    "paid_from": [
                        {
                            "id": "urn:uuid:e58f4290-9160-3b64-9006-ed136dbd8d2a",
                            "type": "Person",
                            "_label": "Colnaghi's"
                        }
                    ],
                    "paid_to": [
                        {
                            "id": "urn:uuid:29246664-db2b-3f62-8ba6-5e82ad675c77",
                            "type": "Group",
                            "_label": "M. Knoedler & Co."
                        }
                    ]
                }
            ]
        },
        {
            "id": "urn:uuid:bd08da61-7489-3ef7-9e20-7e7152a23175",
            "type": "AttributeAssignment",
            "_label": "Attribute assignment for Stock Number A942 (1930-12-22)",
            "carried_out_by": [
                {
                    "id": "urn:uuid:29246664-db2b-3f62-8ba6-5e82ad675c77",
                    "type": "Group",
                    "_label": "M. Knoedler & Co."
                },
                {
                    "id": "urn:uuid:e58f4290-9160-3b64-9006-ed136dbd8d2a",
                    "type": "Person",
                    "_label": "Colnaghi's"
                }
            ],
            "assigned": [
                {
                    "id": "urn:uuid:b1b1d556-52b7-356b-a806-8724c0a8e136",
                    "type": "MonetaryAmount",
                    "_label": "20,210.00 pounds",
                    "value": 20210.0,
                    "referred_to_by": [
                        {
                            "type": "LinguisticObject",
                            "classified_as": [
                                {
                                    "id": "http://vocab.getty.edu/aat/300027200",
                                    "type": "Type",
                                    "_label": "Note"
                                }
                            ],
                            "content": "shared, for numbers A948, A951, A945, A942, A946C, A943, A952C, A952D, A1087"
                        }
                    ],
                    "currency": {
                        "id": "http://vocab.getty.edu/aat/300411998",
                        "type": "Currency",
                        "_label": "British Pounds"
                    }
                }
            ]
        },
        {
            "id": "urn:uuid:7fcd7a43-3f19-3e26-b64b-423b291a7261",
            "type": "Acquisition",
            "_label": "Knoedler Sale of Stock Number A942 (1930-12-22)",
            "identified_by": [
                {
                    "type": "Name",
                    "content": "Knoedler Sale of Stock Number A942 (1930-12-22)"
                }
            ],
            "transferred_title_of": [
                {
                    "id": "urn:uuid:9104a727-b31e-3dee-8ef0-211439e48d62",
                    "type": "HumanMadeObject",
                    "_label": "St. Thomas of Villanueva"
                }
            ],
            "transferred_title_from": [
                {
                    "id": "urn:uuid:29246664-db2b-3f62-8ba6-5e82ad675c77",
                    "type": "Group",
                    "_label": "M. Knoedler & Co."
                },
                {
                    "id": "urn:uuid:e58f4290-9160-3b64-9006-ed136dbd8d2a",
                    "type": "Person",
                    "_label": "Colnaghi's"
                }
            ],
            "transferred_title_to": [
                {
                    "id": "urn:uuid:e58f4290-9160-3b64-9006-ed136dbd8d2a",
                    "type": "Person",
                    "_label": "Colnaghi's"
                }
            ]
        }
    ],
    "identified_by": [
        {
            "type": "Name",
            "content": "Knoedler Sale of Stock Numbers A948, A951, A945, A942, A946C, A943, A952C, A952D, A1087 (1930-12-22)"
        }
    ]
}