{
    "@context": "https://linked.art/ns/v1/linked-art.json",
    "id": "urn:uuid:bc3c7aa5-fb6e-38fe-9ab6-c70911be4bac",
    "type": "Person",
    "_label": "Sulley, (Arthur J.), and Co.",
    "identified_by": [
        {
            "type": "Name",
            "classified_as": [
                {
                    "id": "http://vocab.getty.edu/aat/300266386",
                    "type": "Type",
                    "_label": "Personal Name"
                }
            ],
            "content": "Sulley & Co. London",
            "referred_to_by": [
                {
                    "id": "urn:uuid:59041ec3-a39a-34cd-9e9b-4922ccc8c776",
                    "type": "LinguisticObject",
                    "_label": "Knoedler Stock Book 5, Page 110, Row 24"
                }
            ]
        },
        {
            "type": "Name",
            "classified_as": [
                {
                    "id": "http://vocab.getty.edu/aat/300404670",
                    "type": "Type",
                    "_label": "Primary Name"
                }
            ],
            "content": "Sulley, (Arthur J.), and Co.",
            "referred_to_by": [
                {
                    "id": "urn:uuid:59041ec3-a39a-34cd-9e9b-4922ccc8c776",
                    "type": "LinguisticObject",
                    "_label": "Knoedler Stock Book 5, Page 110, Row 24"
                }
            ]
        }
    ],
    "referred_to_by": [
        {
            "id": "urn:uuid:59041ec3-a39a-34cd-9e9b-4922ccc8c776",
            "type": "LinguisticObject",
            "_label": "Knoedler Stock Book 5, Page 110, Row 24"
        },
        {
            "id": "urn:uuid:c5feae26-2eb0-353d-a089-133f6f5b6b7a",
            "type": "LinguisticObject",
            "_label": "STAR Knoedler Database"
        }
    ],
    "carried_out": [
        {
            "id": "urn:uuid:145617af-f89f-3e2f-be19-edd4ccacc4c1",
            "type": "Activity",
            "classified_as": [
                {
                    "id": "http://vocab.getty.edu/aat/300393179",
                    "type": "Type",
                    "_label": "Residing",
                    "classified_as": [
                        {
                            "id": "http://vocab.getty.edu/aat/300393211",
                            "type": "Type",
                            "_label": "Location Activity or State"
                        }
                    ]
                }
            ],
            "referred_to_by": [
                {
                    "id": "urn:uuid:59041ec3-a39a-34cd-9e9b-4922ccc8c776",
                    "type": "LinguisticObject",
                    "_label": "Knoedler Stock Book 5, Page 110, Row 24"
                }
            ],
            "took_place_at": [
                {
                    "id": "urn:uuid:328a2a56-2ccb-3ab1-96ea-28c25e07afe8",
                    "type": "Place",
                    "_label": "London"
                }
            ]
        }
    ]
}