{
    "@context": "https://linked.art/ns/v1/linked-art.json",
    "id": "urn:uuid:c65043a3-7049-3cae-8ba6-3f279603c915",
    "type": "LinguisticObject",
    "_label": "Knoedler Stock Book 4, Page 158, Row 22",
    "classified_as": [
        {
            "id": "http://vocab.getty.edu/aat/300438434",
            "type": "Type",
            "_label": "Entry",
            "classified_as": [
                {
                    "id": "http://vocab.getty.edu/aat/300444970",
                    "type": "Type",
                    "_label": "Form"
                }
            ]
        },
        {
            "id": "http://vocab.getty.edu/aat/300027483",
            "type": "Type",
            "_label": "Account Book",
            "classified_as": [
                {
                    "id": "http://vocab.getty.edu/aat/300435443",
                    "type": "Type",
                    "_label": "Type of Work"
                }
            ]
        }
    ],
    "identified_by": [
        {
            "type": "Identifier",
            "classified_as": [
                {
                    "id": "http://vocab.getty.edu/aat/300445023",
                    "type": "Type",
                    "_label": "Entry Number"
                }
            ],
            "content": "22",
            "assigned_by": [
                {
                    "type": "AttributeAssignment",
                    "carried_out_by": [
                        {
                            "id": "urn:uuid:29246664-db2b-3f62-8ba6-5e82ad675c77",
                            "type": "Group",
                            "_label": "M. Knoedler & Co."
                        }
                    ]
                }
            ]
        },
        {
            "type": "Identifier",
            "classified_as": [
                {
                    "id": "https://data.getty.edu/local/thesaurus/star-identifier",
                    "type": "Type",
                    "_label": "STAR Identifier"
                }
            ],
            "content": "48561",
            "assigned_by": [
                {
                    "id": "urn:uuid:483e1422-85ff-367f-9d03-f64062f239e1",
                    "type": "AttributeAssignment",
                    "carried_out_by": [
                        {
                            "id": "urn:uuid:d0e7dd29-144c-38c1-b45c-e5ea4e1855e8",
                            "type": "Group",
                            "_label": "Getty Provenance Index"
                        }
                    ]
                }
            ]
        },
        {
            "type": "Name",
            "classified_as": [
                {
                    "id": "http://vocab.getty.edu/aat/300417193",
                    "type": "Type",
                    "_label": "Title"
                }
            ],
            "content": "Knoedler Stock Book 4, Page 158, Row 22"
        }
    ],
    "referred_to_by": [
        {
            "type": "LinguisticObject",
            "classified_as": [
                {
                    "id": "http://vocab.getty.edu/aat/300027200",
                    "type": "Type",
                    "_label": "Note",
                    "classified_as": [
                        {
                            "id": "http://vocab.getty.edu/aat/300418049",
                            "type": "Type",
                            "_label": "Brief Text"
                        }
                    ]
                }
            ],
            "content": "in Exch.ge of one already here"
        },
        {
            "id": "urn:uuid:c5feae26-2eb0-353d-a089-133f6f5b6b7a",
            "type": "LinguisticObject",
            "_label": "STAR Knoedler Database"
        }
    ],
    "about": [
        {
            "id": "http://vocab.getty.edu/aat/300263427",
            "type": "Type",
            "_label": "Exchange"
        }
    ],
    "part_of": [
        {
            "id": "urn:uuid:a27806b6-c495-32fa-9030-c9dfed198612",
            "type": "LinguisticObject",
            "_label": "Knoedler Stock Book 4, Page 158"
        }
    ],
    "features_are_also_found_on": [
        {
            "type": "LinguisticObject",
            "classified_as": [
                {
                    "id": "http://vocab.getty.edu/aat/300404333",
                    "type": "Type",
                    "_label": "Transcription",
                    "classified_as": [
                        {
                            "id": "http://vocab.getty.edu/aat/300418049",
                            "type": "Type",
                            "_label": "Brief Text"
                        }
                    ]
                }
            ],
            "content": "star_record_no: 48561\npi_record_no: K-4806\nstock_book_no: 4\nknoedler_number: 7016\npage_number: 158\nrow_number: 22\nconsign_no: \nconsign_name: \nconsign_loc: \nconsign_ulan: \nartist_name_1: G. Laug\u00e9e\nartist_authority_1: LAUG\u00c9E, GEORGES FRAN\u00c7OIS PAUL\nartist_nationality_1: French\nartist_attribution_mod_1: \nartist_attribution_mod_auth_1: \nartist_name_2: \nartist_authority_2: \nartist_nationality_2: \nartist_attribution_mod_2: \nartist_attribution_mod_auth_2: \ntitle: Shepherdess\ndescription: \nsubject: \ngenre: Genre\nobject_type: Painting\nmaterials: \ndimensions: \nentry_date_year: 1891\nentry_date_month: 11\nentry_date_day: 27\nsale_date_year: 1892\nsale_date_month: 06\nsale_date_day: 30\npurch_amount: 1800\npurch_currency: francs\npurch_note: \nknoedpurch_amt: \nknoedpurch_curr: \nknoedpurch_note: \nprice_amount: 450\nprice_currency: dollars\nprice_note: \nknoedshare_amt: \nknoedshare_curr: \nknoedshare_note: \npurchase_seller_name_1: Pitet ain\u00e9 Paris\npurchase_seller_loc_1: \npurchase_seller_auth_name_1: Pitet ain\u00e9\npurchase_seller_auth_loc_1: Paris, France\npurchase_seller_auth_mod_1: \npurchase_seller_name_2: \npurchase_seller_loc_2: \npurchase_seller_auth_name_2: \npurchase_seller_auth_loc_2: \npurchase_seller_auth_mod_2: \npurchase_seller_name_3: \npurchase_seller_loc_3: \npurchase_seller_auth_name_3: \npurchase_seller_auth_loc_3: \npurchase_seller_auth_mod_3: \npurchase_buyer_own_1: \npurchase_buyer_share_auth_1: \npurchase_buyer_share_1: \npurchase_buyer_own_2: \npurchase_buyer_share_auth_2: \npurchase_buyer_share_2: \npurchase_buyer_own_3: \npurchase_buyer_share_auth_3: \npurchase_buyer_share_3: \ntransaction: Exchanged\nsale_buyer_name_1: W.S. Thurber\nsale_buyer_loc_1: Chicago\nsale_buyer_auth_name_1: Thurber, Winfield Scott Art Galleries\nsale_buyer_auth_addr_1: no street address, Chicago, IL, USA\nsale_buyer_auth_mod_1: \nsale_buyer_name_2: \nsale_buyer_loc_2: \nsale_buyer_auth_name_2: \nsale_buyer_auth_addr_2: \nsale_buyer_auth_mod_2: \nfolio: 353\nprev_own_1: \nprev_own_auth_1: \nprev_own_loc_1: \nprev_own_2: \nprev_own_auth_2: \nprev_own_loc_2: \nprev_own_3: \nprev_own_auth_3: \nprev_own_loc_3: \nprev_own_4: \nprev_own_auth_4: \nprev_own_loc_4: \nprev_own_5: \nprev_own_auth_5: \nprev_own_loc_5: \nprev_own_6: \nprev_own_auth_6: \nprev_own_loc_6: \nprev_own_7: \nprev_own_auth_7: \nprev_own_loc_7: \nprev_own_8: \nprev_own_auth_8: \nprev_own_loc_8: \nprev_own_9: \nprev_own_auth_9: \nprev_own_loc_9: \npost_owner: \npost_owner_auth: \npresent_loc_geog: \npresent_loc_inst: \npresent_loc_acc: \npresent_loc_note: \nworking_note: \nverbatim_notes: in Exch.ge of one already here\nlink: http://hdl.handle.net/10020/2012m54_fl4155542\nheading: New York November 30 1891\nsubheading: \n__missing: \n",
            "identified_by": [
                {
                    "type": "Identifier",
                    "classified_as": [
                        {
                            "id": "https://data.getty.edu/local/thesaurus/star-identifier",
                            "type": "Type",
                            "_label": "STAR Identifier"
                        }
                    ],
                    "content": "48561",
                    "assigned_by": [
                        {
                            "id": "urn:uuid:483e1422-85ff-367f-9d03-f64062f239e1",
                            "type": "AttributeAssignment",
                            "carried_out_by": [
                                {
                                    "id": "urn:uuid:d0e7dd29-144c-38c1-b45c-e5ea4e1855e8",
                                    "type": "Group",
                                    "_label": "Getty Provenance Index"
                                }
                            ]
                        }
                    ]
                }
            ],
            "part_of": [
                {
                    "id": "urn:uuid:c5feae26-2eb0-353d-a089-133f6f5b6b7a",
                    "type": "LinguisticObject",
                    "_label": "STAR Knoedler Database"
                }
            ],
            "created_by": {
                "type": "Creation",
                "classified_as": [
                    {
                        "id": "http://vocab.getty.edu/aat/300440752",
                        "type": "Type",
                        "_label": "Transcription Process"
                    }
                ],
                "carried_out_by": [
                    {
                        "id": "urn:uuid:d0e7dd29-144c-38c1-b45c-e5ea4e1855e8",
                        "type": "Group",
                        "_label": "Getty Provenance Index"
                    }
                ]
            }
        }
    ],
    "created_by": {
        "type": "Creation",
        "_label": "Creation of Knoedler Stock Book 4, Page 158, Row 22",
        "timespan": {
            "type": "TimeSpan",
            "_label": "1891-11-27",
            "identified_by": [
                {
                    "type": "Name",
                    "content": "1891-11-27"
                }
            ],
            "begin_of_the_begin": "1891-11-27T00:00:00Z",
            "end_of_the_end": "1891-11-28T00:00:00Z"
        },
        "took_place_at": [
            {
                "id": "urn:uuid:25982d6e-0baa-3133-a5d9-e849c5c6567a",
                "type": "Place",
                "_label": "New York, NY"
            }
        ],
        "carried_out_by": [
            {
                "id": "urn:uuid:29246664-db2b-3f62-8ba6-5e82ad675c77",
                "type": "Group",
                "_label": "M. Knoedler & Co."
            }
        ]
    }
}