{
    "@context": "https://linked.art/ns/v1/linked-art.json",
    "id": "urn:uuid:845e8dce-78d1-37bd-b51c-b06079501701",
    "type": "Place",
    "_label": "Paris",
    "classified_as": [
        {
            "id": "http://vocab.getty.edu/aat/300008347",
            "type": "Type",
            "_label": "inhabited places"
        }
    ],
    "identified_by": [
        {
            "type": "Name",
            "classified_as": [
                {
                    "id": "http://vocab.getty.edu/aat/300404670",
                    "type": "Type",
                    "_label": "Primary Name"
                }
            ],
            "content": "Paris"
        },
        {
            "id": "urn:uuid:7f8acba0-35ad-3b16-8a9d-b425ac504c70",
            "type": "Name",
            "classified_as": [
                {
                    "id": "http://vocab.getty.edu/aat/300264273",
                    "type": "Type",
                    "_label": "Alternate Name"
                }
            ],
            "content": "Paris, France"
        }
    ],
    "defined_by": "{\"type\": \"FeatureCollection\", \"features\": [{\"type\": \"Feature\", \"geometry\": {\"type\": \"Point\", \"coordinates\": [2.333333, 48.866667]}, \"properties\": {\"name\": \"Paris\"}}]}",
    "referred_to_by": [
        {
            "id": "http://www.getty.edu/vow/TGNFullDisplay?find=&place=&nation=&subjectid=7008038",
            "type": "DigitalObject",
            "_label": "http://www.getty.edu/vow/TGNFullDisplay?find=&place=&nation=&subjectid=7008038"
        },
        {
            "id": "urn:uuid:c5feae26-2eb0-353d-a089-133f6f5b6b7a",
            "type": "LinguisticObject",
            "_label": "STAR Knoedler Database"
        }
    ],
    "part_of": [
        {
            "id": "urn:uuid:d08ae36c-8d3a-32f6-8c07-df0e77644b24",
            "type": "Place",
            "_label": "\u00cele-de-France"
        }
    ],
    "exact_match": [
        {
            "id": "http://vocab.getty.edu/tgn/7008038"
        }
    ]
}