{
    "@context": "https://linked.art/ns/v1/linked-art.json",
    "id": "urn:uuid:3a139970-de6d-3b8c-9cc4-bc5bb35dd8ad",
    "type": "VisualItem",
    "_label": "Visual work of \u201cShepherdess\u201d",
    "classified_as": [
        {
            "id": "http://vocab.getty.edu/aat/300139140",
            "type": "Type",
            "_label": "Genre Pictures"
        }
    ],
    "identified_by": [
        {
            "type": "Name",
            "content": "Shepherdess",
            "referred_to_by": [
                {
                    "id": "urn:uuid:c65043a3-7049-3cae-8ba6-3f279603c915",
                    "type": "LinguisticObject",
                    "_label": "Knoedler Stock Book 4, Page 158, Row 22"
                }
            ]
        }
    ],
    "referred_to_by": [
        {
            "id": "urn:uuid:c65043a3-7049-3cae-8ba6-3f279603c915",
            "type": "LinguisticObject",
            "_label": "Knoedler Stock Book 4, Page 158, Row 22"
        },
        {
            "id": "urn:uuid:c5feae26-2eb0-353d-a089-133f6f5b6b7a",
            "type": "LinguisticObject",
            "_label": "STAR Knoedler Database"
        }
    ]
}