{"@context": {"@vocab": "http://data.getty.edu/provenance/models/", "models": {"@id": "http://data.getty.edu/p/models", "@type": "@id"}, "Acquisition": {"@type": "@id"}, "Activity": {"@type": "@id"}, "Destruction": {"@type": "@id"}, "Event": {"@type": "@id"}, "Group": {"@type": "@id"}, "HumanMadeObject": {"@type": "@id"}, "LinguisticObject": {"@type": "@id"}, "Organization": {"@type": "@id"}, "Person": {"@type": "@id"}, "Phase": {"@type": "@id"}, "Place": {"@type": "@id"}, "Procurement": {"@type": "@id"}, "VisualItem": {"@type": "@id"}}, "@id": "http://data.getty.edu/provenance/knoedler", "@graph": {"@id": "http://data.getty.edu/provenance/knoedler/dataset", "models": {"@id": "http://data.getty.edu/provenance/knoedler/dataset/models", "ProvenanceEntry": ["urn:uuid:34da1421-c736-323e-8793-38070ae45011", "urn:uuid:3c53b4ea-0351-30c9-a3df-7106ae316dd7"], "Group": ["urn:uuid:29246664-db2b-3f62-8ba6-5e82ad675c77", "urn:uuid:d0e7dd29-144c-38c1-b45c-e5ea4e1855e8"], "HumanMadeObject": ["urn:uuid:aed2466d-9a9a-364c-975a-1eb78a209939", "urn:uuid:062c3494-e6fa-3028-b546-e8c3e5a08225"], "Person": ["urn:uuid:1f616814-49c1-31a0-905e-fc686260e585", "urn:uuid:bc3c7aa5-fb6e-38fe-9ab6-c70911be4bac"], "Place": ["urn:uuid:dccd5a18-b8df-384e-b34d-9f699d04ca0a", "urn:uuid:91858bf8-1af1-31c8-bbcf-a091f2452a01", "urn:uuid:a45badc6-231f-346c-909c-5f5bbe16d73f", "urn:uuid:f66d1abf-c438-31b8-ba3f-c2ac746c75e0", "urn:uuid:25982d6e-0baa-3133-a5d9-e849c5c6567a", "urn:uuid:328a2a56-2ccb-3ab1-96ea-28c25e07afe8"], "VisualItem": ["urn:uuid:4e345133-7d10-32ff-a30a-fe593f560bf0"], "LinguisticObject": ["urn:uuid:c8765640-00f6-3120-9c79-a133da128803", "urn:uuid:c5feae26-2eb0-353d-a089-133f6f5b6b7a", "urn:uuid:59041ec3-a39a-34cd-9e9b-4922ccc8c776", "urn:uuid:454226ea-1f98-3256-865a-abad3afb7da0"]}}}