{
    "@context": "https://linked.art/ns/v1/linked-art.json",
    "id": "urn:uuid:91858bf8-1af1-31c8-bbcf-a091f2452a01",
    "type": "Place",
    "_label": "United Kingdom",
    "classified_as": [
        {
            "id": "http://vocab.getty.edu/aat/300128207",
            "type": "Type",
            "_label": "nations"
        }
    ],
    "identified_by": [
        {
            "type": "Name",
            "classified_as": [
                {
                    "id": "http://vocab.getty.edu/aat/300404670",
                    "type": "Type",
                    "_label": "Primary Name"
                }
            ],
            "content": "United Kingdom"
        }
    ],
    "defined_by": "{\"type\": \"FeatureCollection\", \"features\": [{\"type\": \"Feature\", \"geometry\": {\"type\": \"Point\", \"coordinates\": [-4.5, 54.0]}, \"properties\": {\"name\": \"United Kingdom\"}}]}",
    "referred_to_by": [
        {
            "id": "http://www.getty.edu/vow/TGNFullDisplay?find=&place=&nation=&subjectid=7008591",
            "type": "DigitalObject",
            "_label": "http://www.getty.edu/vow/TGNFullDisplay?find=&place=&nation=&subjectid=7008591"
        },
        {
            "id": "urn:uuid:c5feae26-2eb0-353d-a089-133f6f5b6b7a",
            "type": "LinguisticObject",
            "_label": "STAR Knoedler Database"
        }
    ],
    "part_of": [
        {
            "id": "urn:uuid:f66d1abf-c438-31b8-ba3f-c2ac746c75e0",
            "type": "Place",
            "_label": "Europe"
        }
    ],
    "exact_match": [
        {
            "id": "http://vocab.getty.edu/tgn/7008591"
        }
    ]
}