{
    "@context": "https://linked.art/ns/v1/linked-art.json",
    "id": "urn:uuid:59041ec3-a39a-34cd-9e9b-4922ccc8c776",
    "type": "LinguisticObject",
    "_label": "Knoedler Stock Book 5, Page 110, Row 24",
    "classified_as": [
        {
            "id": "http://vocab.getty.edu/aat/300438434",
            "type": "Type",
            "_label": "Entry",
            "classified_as": [
                {
                    "id": "http://vocab.getty.edu/aat/300444970",
                    "type": "Type",
                    "_label": "Form"
                }
            ]
        },
        {
            "id": "http://vocab.getty.edu/aat/300027483",
            "type": "Type",
            "_label": "Account Book",
            "classified_as": [
                {
                    "id": "http://vocab.getty.edu/aat/300435443",
                    "type": "Type",
                    "_label": "Type of Work"
                }
            ]
        }
    ],
    "identified_by": [
        {
            "type": "Identifier",
            "classified_as": [
                {
                    "id": "http://vocab.getty.edu/aat/300445023",
                    "type": "Type",
                    "_label": "Entry Number"
                }
            ],
            "content": "24",
            "assigned_by": [
                {
                    "type": "AttributeAssignment",
                    "carried_out_by": [
                        {
                            "id": "urn:uuid:29246664-db2b-3f62-8ba6-5e82ad675c77",
                            "type": "Group",
                            "_label": "M. Knoedler & Co."
                        }
                    ]
                }
            ]
        },
        {
            "type": "Identifier",
            "classified_as": [
                {
                    "id": "https://data.getty.edu/local/thesaurus/star-identifier",
                    "type": "Type",
                    "_label": "STAR Identifier"
                }
            ],
            "content": "56824",
            "assigned_by": [
                {
                    "id": "urn:uuid:483e1422-85ff-367f-9d03-f64062f239e1",
                    "type": "AttributeAssignment",
                    "carried_out_by": [
                        {
                            "id": "urn:uuid:d0e7dd29-144c-38c1-b45c-e5ea4e1855e8",
                            "type": "Group",
                            "_label": "Getty Provenance Index"
                        }
                    ]
                }
            ]
        },
        {
            "type": "Name",
            "classified_as": [
                {
                    "id": "http://vocab.getty.edu/aat/300417193",
                    "type": "Type",
                    "_label": "Title"
                }
            ],
            "content": "Knoedler Stock Book 5, Page 110, Row 24"
        }
    ],
    "referred_to_by": [
        {
            "type": "LinguisticObject",
            "classified_as": [
                {
                    "id": "http://vocab.getty.edu/aat/300027200",
                    "type": "Type",
                    "_label": "Note",
                    "classified_as": [
                        {
                            "id": "http://vocab.getty.edu/aat/300418049",
                            "type": "Type",
                            "_label": "Brief Text"
                        }
                    ]
                }
            ],
            "content": "asp. Contra entry fol. 158 Entry book"
        },
        {
            "id": "urn:uuid:c5feae26-2eb0-353d-a089-133f6f5b6b7a",
            "type": "LinguisticObject",
            "_label": "STAR Knoedler Database"
        }
    ],
    "about": [
        {
            "id": "http://vocab.getty.edu/aat/300417637",
            "type": "Type",
            "_label": "Gift"
        }
    ],
    "part_of": [
        {
            "id": "urn:uuid:454226ea-1f98-3256-865a-abad3afb7da0",
            "type": "LinguisticObject",
            "_label": "Knoedler Stock Book 5, Page 110"
        }
    ],
    "features_are_also_found_on": [
        {
            "type": "LinguisticObject",
            "classified_as": [
                {
                    "id": "http://vocab.getty.edu/aat/300404333",
                    "type": "Type",
                    "_label": "Transcription",
                    "classified_as": [
                        {
                            "id": "http://vocab.getty.edu/aat/300418049",
                            "type": "Type",
                            "_label": "Brief Text"
                        }
                    ]
                }
            ],
            "content": "star_record_no: 56824\npi_record_no: K-13069\nstock_book_no: 5\nknoedler_number: 10771\npage_number: 110\nrow_number: 24\nconsign_no: \nconsign_name: \nconsign_loc: \nconsign_ulan: \nartist_name_1: Murillo\nartist_authority_1: MURILLO, BARTOLOM\u00c9 ESTEBAN\nartist_nationality_1: Spanish\nartist_attribution_mod_1: \nartist_attribution_mod_auth_1: \nartist_name_2: \nartist_authority_2: \nartist_nationality_2: \nartist_attribution_mod_2: \nartist_attribution_mod_auth_2: \ntitle: [Untitled]\ndescription: \nsubject: \ngenre: [not identified]\nobject_type: Painting\nmaterials: \ndimensions: \nentry_date_year: 1905\nentry_date_month: 08\nentry_date_day: 21\nsale_date_year: 1905\nsale_date_month: 11\nsale_date_day: 30\npurch_amount: 800\npurch_currency: pounds\npurch_note: \nknoedpurch_amt: \nknoedpurch_curr: \nknoedpurch_note: \nprice_amount: 800\nprice_currency: pounds\nprice_note: \nknoedshare_amt: \nknoedshare_curr: \nknoedshare_note: \npurchase_seller_name_1: Sulley & Co. London\npurchase_seller_loc_1: \npurchase_seller_auth_name_1: Sulley, (Arthur J.), and Co.\npurchase_seller_auth_loc_1: London, England, UK\npurchase_seller_auth_mod_1: \npurchase_seller_name_2: \npurchase_seller_loc_2: \npurchase_seller_auth_name_2: \npurchase_seller_auth_loc_2: \npurchase_seller_auth_mod_2: \npurchase_seller_name_3: \npurchase_seller_loc_3: \npurchase_seller_auth_name_3: \npurchase_seller_auth_loc_3: \npurchase_seller_auth_mod_3: \npurchase_buyer_own_1: \npurchase_buyer_share_auth_1: \npurchase_buyer_share_1: \npurchase_buyer_own_2: \npurchase_buyer_share_auth_2: \npurchase_buyer_share_2: \npurchase_buyer_own_3: \npurchase_buyer_share_auth_3: \npurchase_buyer_share_3: \ntransaction: Expensed\nsale_buyer_name_1: \nsale_buyer_loc_1: \nsale_buyer_auth_name_1: \nsale_buyer_auth_addr_1: \nsale_buyer_auth_mod_1: \nsale_buyer_name_2: \nsale_buyer_loc_2: \nsale_buyer_auth_name_2: \nsale_buyer_auth_addr_2: \nsale_buyer_auth_mod_2: \nfolio: \nprev_own_1: \nprev_own_auth_1: \nprev_own_loc_1: \nprev_own_2: \nprev_own_auth_2: \nprev_own_loc_2: \nprev_own_3: \nprev_own_auth_3: \nprev_own_loc_3: \nprev_own_4: \nprev_own_auth_4: \nprev_own_loc_4: \nprev_own_5: \nprev_own_auth_5: \nprev_own_loc_5: \nprev_own_6: \nprev_own_auth_6: \nprev_own_loc_6: \nprev_own_7: \nprev_own_auth_7: \nprev_own_loc_7: \nprev_own_8: \nprev_own_auth_8: \nprev_own_loc_8: \nprev_own_9: \nprev_own_auth_9: \nprev_own_loc_9: \npost_owner: \npost_owner_auth: \npresent_loc_geog: \npresent_loc_inst: \npresent_loc_acc: \npresent_loc_note: \nworking_note: \nverbatim_notes: asp. Contra entry fol. 158 Entry book\nlink: http://hdl.handle.net/10020/2012m54_fl4155777\nheading: New York August 21st 1905\nsubheading: \n__missing: \n",
            "identified_by": [
                {
                    "type": "Identifier",
                    "classified_as": [
                        {
                            "id": "https://data.getty.edu/local/thesaurus/star-identifier",
                            "type": "Type",
                            "_label": "STAR Identifier"
                        }
                    ],
                    "content": "56824",
                    "assigned_by": [
                        {
                            "id": "urn:uuid:483e1422-85ff-367f-9d03-f64062f239e1",
                            "type": "AttributeAssignment",
                            "carried_out_by": [
                                {
                                    "id": "urn:uuid:d0e7dd29-144c-38c1-b45c-e5ea4e1855e8",
                                    "type": "Group",
                                    "_label": "Getty Provenance Index"
                                }
                            ]
                        }
                    ]
                }
            ],
            "part_of": [
                {
                    "id": "urn:uuid:c5feae26-2eb0-353d-a089-133f6f5b6b7a",
                    "type": "LinguisticObject",
                    "_label": "STAR Knoedler Database"
                }
            ],
            "created_by": {
                "type": "Creation",
                "classified_as": [
                    {
                        "id": "http://vocab.getty.edu/aat/300440752",
                        "type": "Type",
                        "_label": "Transcription Process"
                    }
                ],
                "carried_out_by": [
                    {
                        "id": "urn:uuid:d0e7dd29-144c-38c1-b45c-e5ea4e1855e8",
                        "type": "Group",
                        "_label": "Getty Provenance Index"
                    }
                ]
            }
        }
    ],
    "created_by": {
        "type": "Creation",
        "_label": "Creation of Knoedler Stock Book 5, Page 110, Row 24",
        "timespan": {
            "type": "TimeSpan",
            "_label": "1905-08-21",
            "identified_by": [
                {
                    "type": "Name",
                    "content": "1905-08-21"
                }
            ],
            "begin_of_the_begin": "1905-08-21T00:00:00Z",
            "end_of_the_end": "1905-08-22T00:00:00Z"
        },
        "took_place_at": [
            {
                "id": "urn:uuid:25982d6e-0baa-3133-a5d9-e849c5c6567a",
                "type": "Place",
                "_label": "New York, NY"
            }
        ],
        "carried_out_by": [
            {
                "id": "urn:uuid:29246664-db2b-3f62-8ba6-5e82ad675c77",
                "type": "Group",
                "_label": "M. Knoedler & Co."
            }
        ]
    }
}