{
    "@context": "https://linked.art/ns/v1/linked-art.json",
    "id": "urn:uuid:6f2b6d71-e9d3-3cfe-8fb7-8d8bfc326ae7",
    "type": "LinguisticObject",
    "_label": "Knoedler Stock Book 8, Page 99, Row 13",
    "classified_as": [
        {
            "id": "http://vocab.getty.edu/aat/300438434",
            "type": "Type",
            "_label": "Entry",
            "classified_as": [
                {
                    "id": "http://vocab.getty.edu/aat/300444970",
                    "type": "Type",
                    "_label": "Form"
                }
            ]
        },
        {
            "id": "http://vocab.getty.edu/aat/300027483",
            "type": "Type",
            "_label": "Account Book",
            "classified_as": [
                {
                    "id": "http://vocab.getty.edu/aat/300435443",
                    "type": "Type",
                    "_label": "Type of Work"
                }
            ]
        }
    ],
    "identified_by": [
        {
            "type": "Identifier",
            "classified_as": [
                {
                    "id": "http://vocab.getty.edu/aat/300445023",
                    "type": "Type",
                    "_label": "Entry Number"
                }
            ],
            "content": "13",
            "assigned_by": [
                {
                    "type": "AttributeAssignment",
                    "carried_out_by": [
                        {
                            "id": "urn:uuid:29246664-db2b-3f62-8ba6-5e82ad675c77",
                            "type": "Group",
                            "_label": "M. Knoedler & Co."
                        }
                    ]
                }
            ]
        },
        {
            "type": "Identifier",
            "classified_as": [
                {
                    "id": "https://data.getty.edu/local/thesaurus/star-identifier",
                    "type": "Type",
                    "_label": "STAR Identifier"
                }
            ],
            "content": "70038",
            "assigned_by": [
                {
                    "id": "urn:uuid:483e1422-85ff-367f-9d03-f64062f239e1",
                    "type": "AttributeAssignment",
                    "carried_out_by": [
                        {
                            "id": "urn:uuid:d0e7dd29-144c-38c1-b45c-e5ea4e1855e8",
                            "type": "Group",
                            "_label": "Getty Provenance Index"
                        }
                    ]
                }
            ]
        },
        {
            "type": "Name",
            "classified_as": [
                {
                    "id": "http://vocab.getty.edu/aat/300417193",
                    "type": "Type",
                    "_label": "Title"
                }
            ],
            "content": "Knoedler Stock Book 8, Page 99, Row 13"
        }
    ],
    "about": [
        {
            "id": "http://vocab.getty.edu/aat/300417642",
            "type": "Type",
            "_label": "Purchase"
        }
    ],
    "part_of": [
        {
            "id": "urn:uuid:1240e48e-a2ff-3620-a9ad-04d0180c4618",
            "type": "LinguisticObject",
            "_label": "Knoedler Stock Book 8, Page 99"
        }
    ],
    "features_are_also_found_on": [
        {
            "type": "LinguisticObject",
            "classified_as": [
                {
                    "id": "http://vocab.getty.edu/aat/300404333",
                    "type": "Type",
                    "_label": "Transcription",
                    "classified_as": [
                        {
                            "id": "http://vocab.getty.edu/aat/300418049",
                            "type": "Type",
                            "_label": "Brief Text"
                        }
                    ]
                }
            ],
            "content": "star_record_no: 70038\npi_record_no: K-26283\nstock_book_no: 8\nknoedler_number: A942\npage_number: 99\nrow_number: 13\nconsign_no: \nconsign_name: \nconsign_loc: \nconsign_ulan: \nartist_name_1: Murillo\nartist_authority_1: MURILLO, BARTOLOM\u00c9 ESTEBAN\nartist_nationality_1: Spanish\nartist_attribution_mod_1: \nartist_attribution_mod_auth_1: \nartist_name_2: \nartist_authority_2: \nartist_nationality_2: \nartist_attribution_mod_2: \nartist_attribution_mod_auth_2: \ntitle: St. Thomas of Villanueva\ndescription: \nsubject: Religious (figures)\ngenre: History\nobject_type: Painting\nmaterials: \ndimensions: 30 1/4 x 52 1/4\nentry_date_year: 1929\nentry_date_month: 09\nentry_date_day: 26\nsale_date_year: 1930\nsale_date_month: 12\nsale_date_day: 22\npurch_amount: 30000\npurch_currency: pounds\npurch_note: for numbers A941-A952, shared\nknoedpurch_amt: 15000\nknoedpurch_curr: pounds\nknoedpurch_note: for numbers A941-A952\nprice_amount: [20210]\nprice_currency: pounds\nprice_note: shared, for numbers A948, A951, A945, A942, A946C, A943, A952C, A952D, A1087\nknoedshare_amt: 10105\nknoedshare_curr: pounds\nknoedshare_note: for numbers A948, A951, A945, A942, A946C, A943, A952C, A952D, A1087\npurchase_seller_name_1: P.& D. Colnaghi & Co.\npurchase_seller_loc_1: London\npurchase_seller_auth_name_1: Colnaghi's\npurchase_seller_auth_loc_1: London, England, UK\npurchase_seller_auth_mod_1: \npurchase_seller_name_2: \npurchase_seller_loc_2: \npurchase_seller_auth_name_2: \npurchase_seller_auth_loc_2: \npurchase_seller_auth_mod_2: \npurchase_seller_name_3: \npurchase_seller_loc_3: \npurchase_seller_auth_name_3: \npurchase_seller_auth_loc_3: \npurchase_seller_auth_mod_3: \npurchase_buyer_own_1: Colnaghi\npurchase_buyer_share_auth_1: Colnaghi's\npurchase_buyer_share_1: 1/2\npurchase_buyer_own_2: \npurchase_buyer_share_auth_2: \npurchase_buyer_share_2: \npurchase_buyer_own_3: \npurchase_buyer_share_auth_3: \npurchase_buyer_share_3: \ntransaction: Sold\nsale_buyer_name_1: P.& D. Colnaghi & Co.\nsale_buyer_loc_1: \nsale_buyer_auth_name_1: Colnaghi's\nsale_buyer_auth_addr_1: no street address, London, England, UK\nsale_buyer_auth_mod_1: \nsale_buyer_name_2: \nsale_buyer_loc_2: \nsale_buyer_auth_name_2: \nsale_buyer_auth_addr_2: \nsale_buyer_auth_mod_2: \nfolio: 201\nprev_own_1: \nprev_own_auth_1: \nprev_own_loc_1: \nprev_own_2: \nprev_own_auth_2: \nprev_own_loc_2: \nprev_own_3: \nprev_own_auth_3: \nprev_own_loc_3: \nprev_own_4: \nprev_own_auth_4: \nprev_own_loc_4: \nprev_own_5: \nprev_own_auth_5: \nprev_own_loc_5: \nprev_own_6: \nprev_own_auth_6: \nprev_own_loc_6: \nprev_own_7: \nprev_own_auth_7: \nprev_own_loc_7: \nprev_own_8: \nprev_own_auth_8: \nprev_own_loc_8: \nprev_own_9: \nprev_own_auth_9: \nprev_own_loc_9: \npost_owner: \npost_owner_auth: \npresent_loc_geog: \npresent_loc_inst: \npresent_loc_acc: \npresent_loc_note: \nworking_note: \nverbatim_notes: \nlink: http://hdl.handle.net/10020/2012m54_fl4156476\nheading: \nsubheading: \n__missing: \n",
            "identified_by": [
                {
                    "type": "Identifier",
                    "classified_as": [
                        {
                            "id": "https://data.getty.edu/local/thesaurus/star-identifier",
                            "type": "Type",
                            "_label": "STAR Identifier"
                        }
                    ],
                    "content": "70038",
                    "assigned_by": [
                        {
                            "id": "urn:uuid:483e1422-85ff-367f-9d03-f64062f239e1",
                            "type": "AttributeAssignment",
                            "carried_out_by": [
                                {
                                    "id": "urn:uuid:d0e7dd29-144c-38c1-b45c-e5ea4e1855e8",
                                    "type": "Group",
                                    "_label": "Getty Provenance Index"
                                }
                            ]
                        }
                    ]
                }
            ],
            "part_of": [
                {
                    "id": "urn:uuid:c5feae26-2eb0-353d-a089-133f6f5b6b7a",
                    "type": "LinguisticObject",
                    "_label": "STAR Knoedler Database"
                }
            ],
            "created_by": {
                "type": "Creation",
                "classified_as": [
                    {
                        "id": "http://vocab.getty.edu/aat/300440752",
                        "type": "Type",
                        "_label": "Transcription Process"
                    }
                ],
                "carried_out_by": [
                    {
                        "id": "urn:uuid:d0e7dd29-144c-38c1-b45c-e5ea4e1855e8",
                        "type": "Group",
                        "_label": "Getty Provenance Index"
                    }
                ]
            }
        }
    ],
    "created_by": {
        "type": "Creation",
        "_label": "Creation of Knoedler Stock Book 8, Page 99, Row 13",
        "timespan": {
            "type": "TimeSpan",
            "_label": "1929-09-26",
            "identified_by": [
                {
                    "type": "Name",
                    "content": "1929-09-26"
                }
            ],
            "begin_of_the_begin": "1929-09-26T00:00:00Z",
            "end_of_the_end": "1929-09-27T00:00:00Z"
        },
        "took_place_at": [
            {
                "id": "urn:uuid:25982d6e-0baa-3133-a5d9-e849c5c6567a",
                "type": "Place",
                "_label": "New York, NY"
            }
        ],
        "carried_out_by": [
            {
                "id": "urn:uuid:29246664-db2b-3f62-8ba6-5e82ad675c77",
                "type": "Group",
                "_label": "M. Knoedler & Co."
            }
        ]
    },
    "referred_to_by": [
        {
            "id": "urn:uuid:c5feae26-2eb0-353d-a089-133f6f5b6b7a",
            "type": "LinguisticObject",
            "_label": "STAR Knoedler Database"
        }
    ]
}