{
    "@context": "https://linked.art/ns/v1/linked-art.json",
    "id": "urn:uuid:3c53b4ea-0351-30c9-a3df-7106ae316dd7",
    "type": "Activity",
    "_label": "Knoedler expensed of Stock Number 10771 (1905-08-21)",
    "classified_as": [
        {
            "id": "http://vocab.getty.edu/aat/300027564",
            "type": "Type",
            "_label": "profit and loss statements"
        },
        {
            "id": "http://vocab.getty.edu/aat/300055863",
            "type": "Type",
            "_label": "Provenance Activity"
        }
    ],
    "identified_by": [
        {
            "type": "Name",
            "content": "Knoedler expensed of Stock Number 10771 (1905-08-21)"
        }
    ],
    "referred_to_by": [
        {
            "id": "urn:uuid:59041ec3-a39a-34cd-9e9b-4922ccc8c776",
            "type": "LinguisticObject",
            "_label": "Knoedler Stock Book 5, Page 110, Row 24"
        },
        {
            "id": "urn:uuid:c5feae26-2eb0-353d-a089-133f6f5b6b7a",
            "type": "LinguisticObject",
            "_label": "STAR Knoedler Database"
        }
    ],
    "timespan": {
        "type": "TimeSpan",
        "_label": "1905-08-21",
        "identified_by": [
            {
                "type": "Name",
                "content": "1905-08-21"
            }
        ],
        "begin_of_the_begin": "1905-08-21T00:00:00Z",
        "end_of_the_end": "1905-08-22T00:00:00Z"
    },
    "starts_after_the_end_of": [
        {
            "id": "urn:uuid:34da1421-c736-323e-8793-38070ae45011",
            "type": "Activity",
            "_label": "Knoedler Purchase of Stock Number 10771 (1905-08-21)"
        }
    ],
    "part": [
        {
            "id": "urn:uuid:bd7b4f34-b300-3f8e-955e-4b3d38d512dc",
            "type": "Payment",
            "_label": "Payment for Stock Number 10771 (1905-08-21)",
            "paid_amount": {
                "id": "urn:uuid:6fc16c4f-f0c7-3337-bbf6-adeb515e1403",
                "type": "MonetaryAmount",
                "_label": "800.00 pounds",
                "value": 800.0,
                "currency": {
                    "id": "http://vocab.getty.edu/aat/300411998",
                    "type": "Currency",
                    "_label": "British Pounds"
                }
            },
            "paid_from": [
                {
                    "id": "urn:uuid:bc3c7aa5-fb6e-38fe-9ab6-c70911be4bac",
                    "type": "Person",
                    "_label": "Sulley, (Arthur J.), and Co."
                }
            ],
            "paid_to": [
                {
                    "id": "urn:uuid:29246664-db2b-3f62-8ba6-5e82ad675c77",
                    "type": "Group",
                    "_label": "M. Knoedler & Co."
                }
            ]
        },
        {
            "id": "urn:uuid:fc63a8ef-3c3a-3c64-824e-bbd8e3f4f375",
            "type": "Acquisition",
            "_label": "Knoedler expensed of Stock Number 10771 (1905-08-21)",
            "identified_by": [
                {
                    "type": "Name",
                    "content": "Knoedler expensed of Stock Number 10771 (1905-08-21)"
                }
            ],
            "transferred_title_of": [
                {
                    "id": "urn:uuid:062c3494-e6fa-3028-b546-e8c3e5a08225",
                    "type": "HumanMadeObject",
                    "_label": "[Untitled]"
                }
            ],
            "transferred_title_from": [
                {
                    "id": "urn:uuid:29246664-db2b-3f62-8ba6-5e82ad675c77",
                    "type": "Group",
                    "_label": "M. Knoedler & Co."
                }
            ],
            "transferred_title_to": [
                {
                    "id": "urn:uuid:bc3c7aa5-fb6e-38fe-9ab6-c70911be4bac",
                    "type": "Person",
                    "_label": "Sulley, (Arthur J.), and Co."
                }
            ]
        }
    ]
}