{
    "@context": "https://linked.art/ns/v1/linked-art.json",
    "id": "urn:uuid:d3573b6a-239c-33ec-a1df-14b1a2b6e039",
    "type": "Place",
    "_label": "no street address, London, England, UK",
    "identified_by": [
        {
            "type": "Name",
            "content": "no street address, London, England, UK"
        }
    ],
    "part_of": [
        {
            "id": "urn:uuid:328a2a56-2ccb-3ab1-96ea-28c25e07afe8",
            "type": "Place",
            "_label": "London"
        }
    ],
    "referred_to_by": [
        {
            "id": "urn:uuid:c5feae26-2eb0-353d-a089-133f6f5b6b7a",
            "type": "LinguisticObject",
            "_label": "STAR Knoedler Database"
        }
    ]
}