{
    "@context": "https://linked.art/ns/v1/linked-art.json",
    "id": "urn:uuid:ad301797-4310-387d-98b4-36bc02ec0995",
    "type": "Activity",
    "_label": "Knoedler exchange of Stock Number 7016 (1891-11-27)",
    "classified_as": [
        {
            "id": "http://vocab.getty.edu/aat/300263427",
            "type": "Type",
            "_label": "exchange (method of acquisition)"
        },
        {
            "id": "http://vocab.getty.edu/aat/300055863",
            "type": "Type",
            "_label": "Provenance Activity"
        }
    ],
    "identified_by": [
        {
            "type": "Name",
            "content": "Knoedler exchange of Stock Number 7016 (1891-11-27)"
        }
    ],
    "referred_to_by": [
        {
            "id": "urn:uuid:c65043a3-7049-3cae-8ba6-3f279603c915",
            "type": "LinguisticObject",
            "_label": "Knoedler Stock Book 4, Page 158, Row 22"
        },
        {
            "id": "urn:uuid:c5feae26-2eb0-353d-a089-133f6f5b6b7a",
            "type": "LinguisticObject",
            "_label": "STAR Knoedler Database"
        }
    ],
    "timespan": {
        "type": "TimeSpan",
        "_label": "1891-11-27",
        "identified_by": [
            {
                "type": "Name",
                "content": "1891-11-27"
            }
        ],
        "begin_of_the_begin": "1891-11-27T00:00:00Z",
        "end_of_the_end": "1891-11-28T00:00:00Z"
    },
    "starts_after_the_end_of": [
        {
            "id": "urn:uuid:90553ec4-0948-34ab-a95c-487531efa81f",
            "type": "Activity",
            "_label": "Knoedler Purchase of Stock Number 7016 (1891-11-27)"
        }
    ],
    "part": [
        {
            "id": "urn:uuid:457024dd-7890-37da-a0b6-8f24302c95e6",
            "type": "Payment",
            "_label": "Payment for Stock Number 7016 (1891-11-27)",
            "paid_amount": {
                "id": "urn:uuid:c0c35ed3-8b13-3ebf-9c44-09127eb27200",
                "type": "MonetaryAmount",
                "_label": "450.00 dollars",
                "value": 450.0,
                "currency": {
                    "id": "http://vocab.getty.edu/aat/300411994",
                    "type": "Currency",
                    "_label": "US Dollars"
                }
            },
            "paid_from": [
                {
                    "id": "urn:uuid:3eb3f7e3-978f-3cdc-b03b-c856b4ec47b3",
                    "type": "Person",
                    "_label": "Pitet ain\u00e9"
                }
            ],
            "paid_to": [
                {
                    "id": "urn:uuid:29246664-db2b-3f62-8ba6-5e82ad675c77",
                    "type": "Group",
                    "_label": "M. Knoedler & Co."
                }
            ]
        },
        {
            "id": "urn:uuid:be91e172-ce89-32c7-95ad-43a7c00a75e1",
            "type": "Acquisition",
            "_label": "Knoedler exchange of Stock Number 7016 (1891-11-27)",
            "identified_by": [
                {
                    "type": "Name",
                    "content": "Knoedler exchange of Stock Number 7016 (1891-11-27)"
                }
            ],
            "transferred_title_of": [
                {
                    "id": "urn:uuid:23669dd6-c48e-3352-aa64-95f4a37d3fd9",
                    "type": "HumanMadeObject",
                    "_label": "Shepherdess"
                }
            ],
            "transferred_title_from": [
                {
                    "id": "urn:uuid:29246664-db2b-3f62-8ba6-5e82ad675c77",
                    "type": "Group",
                    "_label": "M. Knoedler & Co."
                }
            ],
            "transferred_title_to": [
                {
                    "id": "urn:uuid:3eb3f7e3-978f-3cdc-b03b-c856b4ec47b3",
                    "type": "Person",
                    "_label": "Pitet ain\u00e9"
                }
            ]
        }
    ]
}