{
    "@context": "https://linked.art/ns/v1/linked-art.json",
    "id": "urn:uuid:4e345133-7d10-32ff-a30a-fe593f560bf0",
    "type": "VisualItem",
    "_label": "Visual work of \u201c[Untitled]\u201d",
    "identified_by": [
        {
            "type": "Name",
            "content": "[Untitled]",
            "referred_to_by": [
                {
                    "id": "urn:uuid:59041ec3-a39a-34cd-9e9b-4922ccc8c776",
                    "type": "LinguisticObject",
                    "_label": "Knoedler Stock Book 5, Page 110, Row 24"
                }
            ]
        }
    ],
    "referred_to_by": [
        {
            "id": "urn:uuid:59041ec3-a39a-34cd-9e9b-4922ccc8c776",
            "type": "LinguisticObject",
            "_label": "Knoedler Stock Book 5, Page 110, Row 24"
        },
        {
            "id": "urn:uuid:c5feae26-2eb0-353d-a089-133f6f5b6b7a",
            "type": "LinguisticObject",
            "_label": "STAR Knoedler Database"
        }
    ]
}