{
    "@context": "https://linked.art/ns/v1/linked-art.json",
    "id": "urn:uuid:c8765640-00f6-3120-9c79-a133da128803",
    "type": "LinguisticObject",
    "_label": "Knoedler Stock Book 5",
    "classified_as": [
        {
            "id": "http://vocab.getty.edu/aat/300027483",
            "type": "Type",
            "_label": "Account Book",
            "classified_as": [
                {
                    "id": "http://vocab.getty.edu/aat/300435443",
                    "type": "Type",
                    "_label": "Type of Work"
                }
            ]
        },
        {
            "id": "http://vocab.getty.edu/aat/300028051",
            "type": "Type",
            "_label": "Book",
            "classified_as": [
                {
                    "id": "http://vocab.getty.edu/aat/300444970",
                    "type": "Type",
                    "_label": "Form"
                }
            ]
        }
    ],
    "identified_by": [
        {
            "type": "Identifier",
            "classified_as": [
                {
                    "id": "http://vocab.getty.edu/aat/300445021",
                    "type": "Type",
                    "_label": "Book Number"
                }
            ],
            "content": "5",
            "assigned_by": [
                {
                    "type": "AttributeAssignment",
                    "carried_out_by": [
                        {
                            "id": "urn:uuid:29246664-db2b-3f62-8ba6-5e82ad675c77",
                            "type": "Group",
                            "_label": "M. Knoedler & Co."
                        }
                    ]
                }
            ]
        },
        {
            "type": "Name",
            "classified_as": [
                {
                    "id": "http://vocab.getty.edu/aat/300417193",
                    "type": "Type",
                    "_label": "Title"
                }
            ],
            "content": "Knoedler Stock Book 5"
        }
    ],
    "created_by": {
        "type": "Creation",
        "_label": "Creation of Knoedler Stock Book 5",
        "took_place_at": [
            {
                "id": "urn:uuid:25982d6e-0baa-3133-a5d9-e849c5c6567a",
                "type": "Place",
                "_label": "New York, NY"
            }
        ],
        "carried_out_by": [
            {
                "id": "urn:uuid:29246664-db2b-3f62-8ba6-5e82ad675c77",
                "type": "Group",
                "_label": "M. Knoedler & Co."
            }
        ]
    },
    "referred_to_by": [
        {
            "id": "urn:uuid:c5feae26-2eb0-353d-a089-133f6f5b6b7a",
            "type": "LinguisticObject",
            "_label": "STAR Knoedler Database"
        }
    ]
}