{
    "@context": "https://linked.art/ns/v1/linked-art.json",
    "id": "urn:uuid:29246664-db2b-3f62-8ba6-5e82ad675c77",
    "type": "Group",
    "_label": "M. Knoedler & Co.",
    "identified_by": [
        {
            "type": "Name",
            "classified_as": [
                {
                    "id": "http://vocab.getty.edu/aat/300404670",
                    "type": "Type",
                    "_label": "Primary Name"
                }
            ],
            "content": "M. Knoedler & Co."
        }
    ],
    "exact_match": [
        {
            "id": "http://vocab.getty.edu/ulan/500304270"
        }
    ],
    "referred_to_by": [
        {
            "id": "urn:uuid:c5feae26-2eb0-353d-a089-133f6f5b6b7a",
            "type": "LinguisticObject",
            "_label": "STAR Knoedler Database"
        }
    ]
}