{"@context": {"@vocab": "http://data.getty.edu/provenance/models/", "models": {"@id": "http://data.getty.edu/p/models", "@type": "@id"}, "Acquisition": {"@type": "@id"}, "Activity": {"@type": "@id"}, "Destruction": {"@type": "@id"}, "Event": {"@type": "@id"}, "Group": {"@type": "@id"}, "HumanMadeObject": {"@type": "@id"}, "LinguisticObject": {"@type": "@id"}, "Organization": {"@type": "@id"}, "Person": {"@type": "@id"}, "Phase": {"@type": "@id"}, "Place": {"@type": "@id"}, "Procurement": {"@type": "@id"}, "VisualItem": {"@type": "@id"}}, "@id": "http://data.getty.edu/provenance/knoedler", "@graph": {"@id": "http://data.getty.edu/provenance/knoedler/dataset", "models": {"@id": "http://data.getty.edu/provenance/knoedler/dataset/models", "ProvenanceEntry": ["urn:uuid:ad301797-4310-387d-98b4-36bc02ec0995", "urn:uuid:90553ec4-0948-34ab-a95c-487531efa81f"], "Group": ["urn:uuid:29246664-db2b-3f62-8ba6-5e82ad675c77", "urn:uuid:d0e7dd29-144c-38c1-b45c-e5ea4e1855e8"], "HumanMadeObject": ["urn:uuid:23669dd6-c48e-3352-aa64-95f4a37d3fd9", "urn:uuid:8b1929df-b539-3386-a6fe-e7176387c720"], "Person": ["urn:uuid:56977bea-d044-3d22-b9f5-b25869bcd39c", "urn:uuid:3eb3f7e3-978f-3cdc-b03b-c856b4ec47b3"], "Place": ["urn:uuid:845e8dce-78d1-37bd-b51c-b06079501701", "urn:uuid:d08ae36c-8d3a-32f6-8c07-df0e77644b24", "urn:uuid:f66d1abf-c438-31b8-ba3f-c2ac746c75e0", "urn:uuid:25982d6e-0baa-3133-a5d9-e849c5c6567a", "urn:uuid:5e221554-a8e4-3c60-8623-918b1322d47b"], "VisualItem": ["urn:uuid:3a139970-de6d-3b8c-9cc4-bc5bb35dd8ad"], "LinguisticObject": ["urn:uuid:a27806b6-c495-32fa-9030-c9dfed198612", "urn:uuid:c65043a3-7049-3cae-8ba6-3f279603c915", "urn:uuid:c5feae26-2eb0-353d-a089-133f6f5b6b7a", "urn:uuid:7327a712-a765-3c30-8877-2403d94b91c0"]}}}