{"@context": {"@vocab": "http://data.getty.edu/provenance/models/", "models": {"@id": "http://data.getty.edu/p/models", "@type": "@id"}, "Acquisition": {"@type": "@id"}, "Activity": {"@type": "@id"}, "Destruction": {"@type": "@id"}, "Event": {"@type": "@id"}, "Group": {"@type": "@id"}, "HumanMadeObject": {"@type": "@id"}, "LinguisticObject": {"@type": "@id"}, "Organization": {"@type": "@id"}, "Person": {"@type": "@id"}, "Phase": {"@type": "@id"}, "Place": {"@type": "@id"}, "Procurement": {"@type": "@id"}, "VisualItem": {"@type": "@id"}}, "@id": "http://data.getty.edu/provenance/knoedler", "@graph": {"@id": "http://data.getty.edu/provenance/knoedler/dataset", "models": {"@id": "http://data.getty.edu/provenance/knoedler/dataset/models", "ProvenanceEntry": ["urn:uuid:34f26f76-70f0-3195-99b7-d63662c41ea2", "urn:uuid:eaeb434a-fab3-3526-b441-ed68b8de4b9e"], "Group": ["urn:uuid:29246664-db2b-3f62-8ba6-5e82ad675c77", "urn:uuid:d0e7dd29-144c-38c1-b45c-e5ea4e1855e8"], "HumanMadeObject": ["urn:uuid:46eeef9a-cf7b-3d21-96a9-18bc6a8075d3", "urn:uuid:9104a727-b31e-3dee-8ef0-211439e48d62"], "Person": ["urn:uuid:e58f4290-9160-3b64-9006-ed136dbd8d2a", "urn:uuid:1f616814-49c1-31a0-905e-fc686260e585"], "Place": ["urn:uuid:dccd5a18-b8df-384e-b34d-9f699d04ca0a", "urn:uuid:91858bf8-1af1-31c8-bbcf-a091f2452a01", "urn:uuid:d3573b6a-239c-33ec-a1df-14b1a2b6e039", "urn:uuid:a45badc6-231f-346c-909c-5f5bbe16d73f", "urn:uuid:f66d1abf-c438-31b8-ba3f-c2ac746c75e0", "urn:uuid:25982d6e-0baa-3133-a5d9-e849c5c6567a", "urn:uuid:328a2a56-2ccb-3ab1-96ea-28c25e07afe8"], "VisualItem": ["urn:uuid:0a9c41d0-6901-36b0-8821-af05f1f31f2d"], "LinguisticObject": ["urn:uuid:6f2b6d71-e9d3-3cfe-8fb7-8d8bfc326ae7", "urn:uuid:c5feae26-2eb0-353d-a089-133f6f5b6b7a", "urn:uuid:502cce14-f013-3ebf-a6bd-e5d598f4f9dc", "urn:uuid:1240e48e-a2ff-3620-a9ad-04d0180c4618"]}}}