{
    "@context": "https://linked.art/ns/v1/linked-art.json",
    "id": "urn:uuid:a45badc6-231f-346c-909c-5f5bbe16d73f",
    "type": "Place",
    "_label": "Greater London",
    "classified_as": [
        {
            "id": "http://vocab.getty.edu/aat/300132618",
            "type": "Type",
            "_label": "metropolitan areas"
        }
    ],
    "identified_by": [
        {
            "type": "Name",
            "classified_as": [
                {
                    "id": "http://vocab.getty.edu/aat/300404670",
                    "type": "Type",
                    "_label": "Primary Name"
                }
            ],
            "content": "Greater London"
        }
    ],
    "defined_by": "{\"type\": \"FeatureCollection\", \"features\": [{\"type\": \"Feature\", \"geometry\": {\"type\": \"Point\", \"coordinates\": [-0.1667, 51.5]}, \"properties\": {\"name\": \"Greater London\"}}]}",
    "referred_to_by": [
        {
            "id": "http://www.getty.edu/vow/TGNFullDisplay?find=&place=&nation=&subjectid=7008136",
            "type": "DigitalObject",
            "_label": "http://www.getty.edu/vow/TGNFullDisplay?find=&place=&nation=&subjectid=7008136"
        },
        {
            "id": "urn:uuid:c5feae26-2eb0-353d-a089-133f6f5b6b7a",
            "type": "LinguisticObject",
            "_label": "STAR Knoedler Database"
        }
    ],
    "part_of": [
        {
            "id": "urn:uuid:dccd5a18-b8df-384e-b34d-9f699d04ca0a",
            "type": "Place",
            "_label": "England"
        }
    ],
    "exact_match": [
        {
            "id": "http://vocab.getty.edu/tgn/7008136"
        }
    ]
}