{
    "@context": "https://linked.art/ns/v1/linked-art.json",
    "id": "urn:uuid:5e221554-a8e4-3c60-8623-918b1322d47b",
    "type": "Place",
    "_label": "France",
    "classified_as": [
        {
            "id": "http://vocab.getty.edu/aat/300128207",
            "type": "Type",
            "_label": "nations"
        }
    ],
    "identified_by": [
        {
            "type": "Name",
            "classified_as": [
                {
                    "id": "http://vocab.getty.edu/aat/300404670",
                    "type": "Type",
                    "_label": "Primary Name"
                }
            ],
            "content": "France"
        }
    ],
    "defined_by": "{\"type\": \"FeatureCollection\", \"features\": [{\"type\": \"Feature\", \"geometry\": {\"type\": \"Point\", \"coordinates\": [2.0, 46.0]}, \"properties\": {\"name\": \"France\"}}]}",
    "referred_to_by": [
        {
            "id": "http://www.getty.edu/vow/TGNFullDisplay?find=&place=&nation=&subjectid=1000070",
            "type": "DigitalObject",
            "_label": "http://www.getty.edu/vow/TGNFullDisplay?find=&place=&nation=&subjectid=1000070"
        },
        {
            "id": "urn:uuid:c5feae26-2eb0-353d-a089-133f6f5b6b7a",
            "type": "LinguisticObject",
            "_label": "STAR Knoedler Database"
        }
    ],
    "part_of": [
        {
            "id": "urn:uuid:f66d1abf-c438-31b8-ba3f-c2ac746c75e0",
            "type": "Place",
            "_label": "Europe"
        }
    ],
    "exact_match": [
        {
            "id": "http://vocab.getty.edu/tgn/1000070"
        }
    ]
}