{
    "@context": "https://linked.art/ns/v1/linked-art.json",
    "id": "urn:uuid:e58f4290-9160-3b64-9006-ed136dbd8d2a",
    "type": "Person",
    "_label": "Colnaghi's",
    "identified_by": [
        {
            "type": "Name",
            "classified_as": [
                {
                    "id": "http://vocab.getty.edu/aat/300266386",
                    "type": "Type",
                    "_label": "Personal Name"
                }
            ],
            "content": "Colnaghi",
            "referred_to_by": [
                {
                    "id": "urn:uuid:6f2b6d71-e9d3-3cfe-8fb7-8d8bfc326ae7",
                    "type": "LinguisticObject",
                    "_label": "Knoedler Stock Book 8, Page 99, Row 13"
                }
            ]
        },
        {
            "type": "Name",
            "classified_as": [
                {
                    "id": "http://vocab.getty.edu/aat/300404670",
                    "type": "Type",
                    "_label": "Primary Name"
                }
            ],
            "content": "Colnaghi's",
            "referred_to_by": [
                {
                    "id": "urn:uuid:6f2b6d71-e9d3-3cfe-8fb7-8d8bfc326ae7",
                    "type": "LinguisticObject",
                    "_label": "Knoedler Stock Book 8, Page 99, Row 13"
                }
            ]
        },
        {
            "type": "Name",
            "classified_as": [
                {
                    "id": "http://vocab.getty.edu/aat/300266386",
                    "type": "Type",
                    "_label": "Personal Name"
                }
            ],
            "content": "P.& D. Colnaghi & Co.",
            "referred_to_by": [
                {
                    "id": "urn:uuid:6f2b6d71-e9d3-3cfe-8fb7-8d8bfc326ae7",
                    "type": "LinguisticObject",
                    "_label": "Knoedler Stock Book 8, Page 99, Row 13"
                }
            ]
        }
    ],
    "referred_to_by": [
        {
            "id": "urn:uuid:6f2b6d71-e9d3-3cfe-8fb7-8d8bfc326ae7",
            "type": "LinguisticObject",
            "_label": "Knoedler Stock Book 8, Page 99, Row 13"
        },
        {
            "id": "urn:uuid:c5feae26-2eb0-353d-a089-133f6f5b6b7a",
            "type": "LinguisticObject",
            "_label": "STAR Knoedler Database"
        }
    ],
    "carried_out": [
        {
            "id": "urn:uuid:06cc325b-f42e-3c69-80bd-1e19bd59f1de",
            "type": "Activity",
            "classified_as": [
                {
                    "id": "http://vocab.getty.edu/aat/300393179",
                    "type": "Type",
                    "_label": "Residing",
                    "classified_as": [
                        {
                            "id": "http://vocab.getty.edu/aat/300393211",
                            "type": "Type",
                            "_label": "Location Activity or State"
                        }
                    ]
                }
            ],
            "referred_to_by": [
                {
                    "id": "urn:uuid:6f2b6d71-e9d3-3cfe-8fb7-8d8bfc326ae7",
                    "type": "LinguisticObject",
                    "_label": "Knoedler Stock Book 8, Page 99, Row 13"
                }
            ],
            "took_place_at": [
                {
                    "id": "urn:uuid:328a2a56-2ccb-3ab1-96ea-28c25e07afe8",
                    "type": "Place",
                    "_label": "London"
                }
            ]
        },
        {
            "id": "urn:uuid:379e2b1a-a58e-3e0a-b3ec-fe33f4661733",
            "type": "Activity",
            "classified_as": [
                {
                    "id": "http://vocab.getty.edu/aat/300393179",
                    "type": "Type",
                    "_label": "Residing",
                    "classified_as": [
                        {
                            "id": "http://vocab.getty.edu/aat/300393211",
                            "type": "Type",
                            "_label": "Location Activity or State"
                        }
                    ]
                }
            ],
            "referred_to_by": [
                {
                    "id": "urn:uuid:6f2b6d71-e9d3-3cfe-8fb7-8d8bfc326ae7",
                    "type": "LinguisticObject",
                    "_label": "Knoedler Stock Book 8, Page 99, Row 13"
                }
            ],
            "took_place_at": [
                {
                    "id": "urn:uuid:d3573b6a-239c-33ec-a1df-14b1a2b6e039",
                    "type": "Place",
                    "_label": "no street address, London, England, UK"
                }
            ]
        }
    ]
}