{
    "@context": "https://linked.art/ns/v1/linked-art.json",
    "id": "urn:uuid:25982d6e-0baa-3133-a5d9-e849c5c6567a",
    "type": "Place",
    "_label": "New York, NY",
    "identified_by": [
        {
            "type": "Name",
            "classified_as": [
                {
                    "id": "http://vocab.getty.edu/aat/300404670",
                    "type": "Type",
                    "_label": "Primary Name"
                }
            ],
            "content": "New York, NY"
        }
    ],
    "referred_to_by": [
        {
            "id": "urn:uuid:c5feae26-2eb0-353d-a089-133f6f5b6b7a",
            "type": "LinguisticObject",
            "_label": "STAR Knoedler Database"
        }
    ]
}