{
    "@context": "https://linked.art/ns/v1/linked-art.json",
    "id": "urn:uuid:1240e48e-a2ff-3620-a9ad-04d0180c4618",
    "type": "LinguisticObject",
    "_label": "Knoedler Stock Book 8, Page 99",
    "classified_as": [
        {
            "id": "http://vocab.getty.edu/aat/300194222",
            "type": "Type",
            "_label": "Page",
            "classified_as": [
                {
                    "id": "http://vocab.getty.edu/aat/300444970",
                    "type": "Type",
                    "_label": "Form"
                }
            ]
        },
        {
            "id": "http://vocab.getty.edu/aat/300027483",
            "type": "Type",
            "_label": "Account Book",
            "classified_as": [
                {
                    "id": "http://vocab.getty.edu/aat/300435443",
                    "type": "Type",
                    "_label": "Type of Work"
                }
            ]
        }
    ],
    "identified_by": [
        {
            "type": "Identifier",
            "classified_as": [
                {
                    "id": "http://vocab.getty.edu/aat/300445022",
                    "type": "Type",
                    "_label": "Page Number"
                }
            ],
            "content": "99",
            "assigned_by": [
                {
                    "type": "AttributeAssignment",
                    "carried_out_by": [
                        {
                            "id": "urn:uuid:29246664-db2b-3f62-8ba6-5e82ad675c77",
                            "type": "Group",
                            "_label": "M. Knoedler & Co."
                        }
                    ]
                }
            ]
        },
        {
            "type": "Name",
            "classified_as": [
                {
                    "id": "http://vocab.getty.edu/aat/300417193",
                    "type": "Type",
                    "_label": "Title"
                }
            ],
            "content": "Knoedler Stock Book 8, Page 99"
        }
    ],
    "referred_to_by": [
        {
            "type": "DigitalObject",
            "_label": "Getty Research Institute",
            "classified_as": [
                {
                    "id": "http://vocab.getty.edu/aat/300215302",
                    "type": "Type",
                    "_label": "Digital Image"
                }
            ],
            "referred_to_by": {
                "type": "LinguisticObject",
                "classified_as": [
                    {
                        "id": "http://vocab.getty.edu/aat/300027200",
                        "type": "Type",
                        "_label": "Note",
                        "classified_as": [
                            {
                                "id": "http://vocab.getty.edu/aat/300418049",
                                "type": "Type",
                                "_label": "Brief Text"
                            }
                        ]
                    }
                ],
                "content": "URL to image of stockbook page where object appears, hosted by Rosetta. Goes directly to hosted image, not a citation page."
            },
            "access_point": [
                {
                    "id": "http://hdl.handle.net/10020/2012m54_fl4156476",
                    "type": "DigitalObject",
                    "_label": "http://hdl.handle.net/10020/2012m54_fl4156476"
                }
            ]
        },
        {
            "id": "urn:uuid:c5feae26-2eb0-353d-a089-133f6f5b6b7a",
            "type": "LinguisticObject",
            "_label": "STAR Knoedler Database"
        }
    ],
    "part_of": [
        {
            "id": "urn:uuid:502cce14-f013-3ebf-a6bd-e5d598f4f9dc",
            "type": "LinguisticObject",
            "_label": "Knoedler Stock Book 8"
        }
    ],
    "created_by": {
        "type": "Creation",
        "_label": "Creation of Knoedler Stock Book 8, Page 99",
        "took_place_at": [
            {
                "id": "urn:uuid:25982d6e-0baa-3133-a5d9-e849c5c6567a",
                "type": "Place",
                "_label": "New York, NY"
            }
        ],
        "carried_out_by": [
            {
                "id": "urn:uuid:29246664-db2b-3f62-8ba6-5e82ad675c77",
                "type": "Group",
                "_label": "M. Knoedler & Co."
            }
        ]
    }
}