{
    "@context": "https://linked.art/ns/v1/linked-art.json",
    "id": "urn:uuid:23669dd6-c48e-3352-aa64-95f4a37d3fd9",
    "type": "HumanMadeObject",
    "_label": "Shepherdess",
    "classified_as": [
        {
            "id": "http://vocab.getty.edu/aat/300033618",
            "type": "Type",
            "_label": "Painting",
            "classified_as": [
                {
                    "id": "http://vocab.getty.edu/aat/300435443",
                    "type": "Type",
                    "_label": "Type of Work"
                }
            ]
        }
    ],
    "identified_by": [
        {
            "type": "Identifier",
            "classified_as": [
                {
                    "id": "http://vocab.getty.edu/aat/300412177",
                    "type": "Type",
                    "_label": "Stock Number"
                }
            ],
            "content": "7016",
            "assigned_by": [
                {
                    "type": "AttributeAssignment",
                    "carried_out_by": [
                        {
                            "id": "urn:uuid:29246664-db2b-3f62-8ba6-5e82ad675c77",
                            "type": "Group",
                            "_label": "M. Knoedler & Co."
                        }
                    ]
                }
            ]
        },
        {
            "type": "Name",
            "classified_as": [
                {
                    "id": "http://vocab.getty.edu/aat/300417193",
                    "type": "Type",
                    "_label": "Title"
                }
            ],
            "content": "Shepherdess",
            "referred_to_by": [
                {
                    "id": "urn:uuid:c65043a3-7049-3cae-8ba6-3f279603c915",
                    "type": "LinguisticObject",
                    "_label": "Knoedler Stock Book 4, Page 158, Row 22"
                }
            ]
        }
    ],
    "referred_to_by": [
        {
            "id": "urn:uuid:c65043a3-7049-3cae-8ba6-3f279603c915",
            "type": "LinguisticObject",
            "_label": "Knoedler Stock Book 4, Page 158, Row 22"
        },
        {
            "id": "urn:uuid:c5feae26-2eb0-353d-a089-133f6f5b6b7a",
            "type": "LinguisticObject",
            "_label": "STAR Knoedler Database"
        }
    ],
    "shows": [
        {
            "id": "urn:uuid:3a139970-de6d-3b8c-9cc4-bc5bb35dd8ad",
            "type": "VisualItem",
            "_label": "Visual work of \u201cShepherdess\u201d"
        }
    ],
    "produced_by": {
        "type": "Production",
        "_label": "Production event for Shepherdess",
        "part": [
            {
                "type": "Production",
                "_label": "Production sub-event for LAUG\u00c9E, GEORGES FRAN\u00c7OIS PAUL",
                "carried_out_by": [
                    {
                        "id": "urn:uuid:56977bea-d044-3d22-b9f5-b25869bcd39c",
                        "type": "Person",
                        "_label": "LAUG\u00c9E, GEORGES FRAN\u00c7OIS PAUL"
                    }
                ]
            }
        ]
    }
}