{
    "@context": "https://linked.art/ns/v1/linked-art.json",
    "id": "urn:uuid:328a2a56-2ccb-3ab1-96ea-28c25e07afe8",
    "type": "Place",
    "_label": "London",
    "classified_as": [
        {
            "id": "http://vocab.getty.edu/aat/300008347",
            "type": "Type",
            "_label": "inhabited places"
        }
    ],
    "identified_by": [
        {
            "type": "Name",
            "classified_as": [
                {
                    "id": "http://vocab.getty.edu/aat/300404670",
                    "type": "Type",
                    "_label": "Primary Name"
                }
            ],
            "content": "London"
        },
        {
            "id": "urn:uuid:86ada3e5-6bf3-3ba9-9b1e-0f730cd3297c",
            "type": "Name",
            "classified_as": [
                {
                    "id": "http://vocab.getty.edu/aat/300264273",
                    "type": "Type",
                    "_label": "Alternate Name"
                }
            ],
            "content": "London, England, UK"
        }
    ],
    "defined_by": "{\"type\": \"FeatureCollection\", \"features\": [{\"type\": \"Feature\", \"geometry\": {\"type\": \"Point\", \"coordinates\": [-0.093145, 51.514248]}, \"properties\": {\"name\": \"London\"}}]}",
    "referred_to_by": [
        {
            "id": "http://www.getty.edu/vow/TGNFullDisplay?find=&place=&nation=&subjectid=7011781",
            "type": "DigitalObject",
            "_label": "http://www.getty.edu/vow/TGNFullDisplay?find=&place=&nation=&subjectid=7011781"
        },
        {
            "id": "urn:uuid:c5feae26-2eb0-353d-a089-133f6f5b6b7a",
            "type": "LinguisticObject",
            "_label": "STAR Knoedler Database"
        }
    ],
    "part_of": [
        {
            "id": "urn:uuid:a45badc6-231f-346c-909c-5f5bbe16d73f",
            "type": "Place",
            "_label": "Greater London"
        }
    ],
    "exact_match": [
        {
            "id": "http://vocab.getty.edu/tgn/7011781"
        }
    ]
}