{
    "@context": "https://linked.art/ns/v1/linked-art.json",
    "id": "urn:uuid:062c3494-e6fa-3028-b546-e8c3e5a08225",
    "type": "HumanMadeObject",
    "_label": "[Untitled]",
    "classified_as": [
        {
            "id": "http://vocab.getty.edu/aat/300033618",
            "type": "Type",
            "_label": "Painting",
            "classified_as": [
                {
                    "id": "http://vocab.getty.edu/aat/300435443",
                    "type": "Type",
                    "_label": "Type of Work"
                }
            ]
        }
    ],
    "identified_by": [
        {
            "type": "Identifier",
            "classified_as": [
                {
                    "id": "http://vocab.getty.edu/aat/300412177",
                    "type": "Type",
                    "_label": "Stock Number"
                }
            ],
            "content": "10771",
            "assigned_by": [
                {
                    "type": "AttributeAssignment",
                    "carried_out_by": [
                        {
                            "id": "urn:uuid:29246664-db2b-3f62-8ba6-5e82ad675c77",
                            "type": "Group",
                            "_label": "M. Knoedler & Co."
                        }
                    ]
                }
            ]
        },
        {
            "type": "Name",
            "classified_as": [
                {
                    "id": "http://vocab.getty.edu/aat/300417193",
                    "type": "Type",
                    "_label": "Title"
                }
            ],
            "content": "[Untitled]",
            "referred_to_by": [
                {
                    "id": "urn:uuid:59041ec3-a39a-34cd-9e9b-4922ccc8c776",
                    "type": "LinguisticObject",
                    "_label": "Knoedler Stock Book 5, Page 110, Row 24"
                }
            ]
        }
    ],
    "referred_to_by": [
        {
            "id": "urn:uuid:59041ec3-a39a-34cd-9e9b-4922ccc8c776",
            "type": "LinguisticObject",
            "_label": "Knoedler Stock Book 5, Page 110, Row 24"
        },
        {
            "id": "urn:uuid:c5feae26-2eb0-353d-a089-133f6f5b6b7a",
            "type": "LinguisticObject",
            "_label": "STAR Knoedler Database"
        }
    ],
    "shows": [
        {
            "id": "urn:uuid:4e345133-7d10-32ff-a30a-fe593f560bf0",
            "type": "VisualItem",
            "_label": "Visual work of \u201c[Untitled]\u201d"
        }
    ],
    "produced_by": {
        "type": "Production",
        "_label": "Production event for [Untitled]",
        "part": [
            {
                "type": "Production",
                "_label": "Production sub-event for MURILLO, BARTOLOM\u00c9 ESTEBAN",
                "carried_out_by": [
                    {
                        "id": "urn:uuid:1f616814-49c1-31a0-905e-fc686260e585",
                        "type": "Person",
                        "_label": "MURILLO, BARTOLOM\u00c9 ESTEBAN"
                    }
                ]
            }
        ]
    }
}