{
    "@context": "https://linked.art/ns/v1/linked-art.json",
    "id": "urn:uuid:eaeb434a-fab3-3526-b441-ed68b8de4b9e",
    "type": "Activity",
    "_label": "Knoedler Purchase of Stock Numbers A941-A952 (1929-09-26)",
    "classified_as": [
        {
            "id": "http://vocab.getty.edu/aat/300055863",
            "type": "Type",
            "_label": "Provenance Activity"
        },
        {
            "id": "http://vocab.getty.edu/aat/300417642",
            "type": "Type",
            "_label": "Purchase"
        }
    ],
    "referred_to_by": [
        {
            "id": "urn:uuid:6f2b6d71-e9d3-3cfe-8fb7-8d8bfc326ae7",
            "type": "LinguisticObject",
            "_label": "Knoedler Stock Book 8, Page 99, Row 13"
        },
        {
            "id": "urn:uuid:c5feae26-2eb0-353d-a089-133f6f5b6b7a",
            "type": "LinguisticObject",
            "_label": "STAR Knoedler Database"
        }
    ],
    "timespan": {
        "type": "TimeSpan",
        "_label": "1929-09-26",
        "identified_by": [
            {
                "type": "Name",
                "content": "1929-09-26"
            }
        ],
        "begin_of_the_begin": "1929-09-26T00:00:00Z",
        "end_of_the_end": "1929-09-27T00:00:00Z"
    },
    "ends_before_the_start_of": [
        {
            "id": "urn:uuid:34f26f76-70f0-3195-99b7-d63662c41ea2",
            "type": "Activity",
            "_label": "Knoedler Sale of Stock Numbers A948, A951, A945, A942, A946C, A943, A952C, A952D, A1087 (1930-12-22)"
        }
    ],
    "part": [
        {
            "type": "RightAcquisition",
            "establishes": {
                "type": "Right",
                "_label": "Total Right of Ownership of \u201cSt. Thomas of Villanueva\u201d",
                "classified_as": [
                    {
                        "id": "http://vocab.getty.edu/aat/300055603",
                        "type": "Type",
                        "_label": "Ownership Right"
                    }
                ],
                "applies_to": [
                    {
                        "id": "urn:uuid:9104a727-b31e-3dee-8ef0-211439e48d62",
                        "type": "HumanMadeObject",
                        "_label": "St. Thomas of Villanueva"
                    }
                ],
                "part": [
                    {
                        "type": "Right",
                        "_label": "1/2 ownership by M. Knoedler & Co.",
                        "classified_as": [
                            {
                                "id": "http://vocab.getty.edu/aat/300055603",
                                "type": "Type",
                                "_label": "Ownership Right"
                            }
                        ],
                        "dimension": [
                            {
                                "type": "Dimension",
                                "value": "50.00",
                                "unit": {
                                    "id": "http://vocab.getty.edu/aat/300417377",
                                    "type": "MeasurementUnit",
                                    "_label": "percent"
                                }
                            }
                        ],
                        "possessed_by": [
                            {
                                "id": "urn:uuid:29246664-db2b-3f62-8ba6-5e82ad675c77",
                                "type": "Group",
                                "_label": "M. Knoedler & Co."
                            }
                        ]
                    },
                    {
                        "type": "Right",
                        "_label": "1/2 ownership by Colnaghi's",
                        "classified_as": [
                            {
                                "id": "http://vocab.getty.edu/aat/300055603",
                                "type": "Type",
                                "_label": "Ownership Right"
                            }
                        ],
                        "dimension": [
                            {
                                "type": "Dimension",
                                "value": "50.00",
                                "unit": {
                                    "id": "http://vocab.getty.edu/aat/300417377",
                                    "type": "MeasurementUnit",
                                    "_label": "percent"
                                }
                            }
                        ],
                        "possessed_by": [
                            {
                                "id": "urn:uuid:e58f4290-9160-3b64-9006-ed136dbd8d2a",
                                "type": "Person",
                                "_label": "Colnaghi's"
                            }
                        ]
                    }
                ]
            }
        },
        {
            "id": "urn:uuid:a134f08e-425d-39b8-813b-fd0de1b6940f",
            "type": "Payment",
            "_label": "Payment for Stock Number A942 (1929-09-26)",
            "part": [
                {
                    "id": "urn:uuid:be351a36-fa18-31bb-99c4-aa468535aadb",
                    "type": "Payment",
                    "_label": "M. Knoedler & Co. share of payment for Stock Number A942 (1929-09-26)",
                    "paid_amount": {
                        "id": "urn:uuid:ee0ff92e-2a9f-397f-a553-3650e92a3ad0",
                        "type": "MonetaryAmount",
                        "_label": "15,000.00 pounds",
                        "value": 15000.0,
                        "referred_to_by": [
                            {
                                "type": "LinguisticObject",
                                "classified_as": [
                                    {
                                        "id": "http://vocab.getty.edu/aat/300027200",
                                        "type": "Type",
                                        "_label": "Note",
                                        "classified_as": [
                                            {
                                                "id": "http://vocab.getty.edu/aat/300418049",
                                                "type": "Type",
                                                "_label": "Brief Text"
                                            }
                                        ]
                                    }
                                ],
                                "content": "for numbers A941-A952"
                            }
                        ],
                        "currency": {
                            "id": "http://vocab.getty.edu/aat/300411998",
                            "type": "Currency",
                            "_label": "British Pounds"
                        }
                    },
                    "paid_from": [
                        {
                            "id": "urn:uuid:29246664-db2b-3f62-8ba6-5e82ad675c77",
                            "type": "Group",
                            "_label": "M. Knoedler & Co."
                        }
                    ],
                    "paid_to": [
                        {
                            "id": "urn:uuid:e58f4290-9160-3b64-9006-ed136dbd8d2a",
                            "type": "Person",
                            "_label": "Colnaghi's"
                        }
                    ]
                }
            ]
        },
        {
            "id": "urn:uuid:ec34d97c-c39b-3c72-b6c3-998a3b1fe460",
            "type": "AttributeAssignment",
            "_label": "Attribute assignment for Stock Number A942 (1929-09-26)",
            "carried_out_by": [
                {
                    "id": "urn:uuid:29246664-db2b-3f62-8ba6-5e82ad675c77",
                    "type": "Group",
                    "_label": "M. Knoedler & Co."
                },
                {
                    "id": "urn:uuid:e58f4290-9160-3b64-9006-ed136dbd8d2a",
                    "type": "Person",
                    "_label": "Colnaghi's"
                }
            ],
            "assigned": [
                {
                    "id": "urn:uuid:b582b1a5-5772-3524-8b47-b230e1cb6ab6",
                    "type": "MonetaryAmount",
                    "_label": "30,000.00 pounds",
                    "value": 30000.0,
                    "referred_to_by": [
                        {
                            "type": "LinguisticObject",
                            "classified_as": [
                                {
                                    "id": "http://vocab.getty.edu/aat/300027200",
                                    "type": "Type",
                                    "_label": "Note"
                                }
                            ],
                            "content": "for numbers A941-A952, shared"
                        }
                    ],
                    "currency": {
                        "id": "http://vocab.getty.edu/aat/300411998",
                        "type": "Currency",
                        "_label": "British Pounds"
                    }
                }
            ]
        },
        {
            "id": "urn:uuid:f0f18602-d551-3cb0-bd29-f917ae9696b8",
            "type": "Acquisition",
            "_label": "Knoedler Purchase of Stock Number A942 (1929-09-26)",
            "identified_by": [
                {
                    "type": "Name",
                    "content": "Knoedler Purchase of Stock Number A942 (1929-09-26)"
                }
            ],
            "transferred_title_of": [
                {
                    "id": "urn:uuid:9104a727-b31e-3dee-8ef0-211439e48d62",
                    "type": "HumanMadeObject",
                    "_label": "St. Thomas of Villanueva"
                }
            ],
            "transferred_title_from": [
                {
                    "id": "urn:uuid:e58f4290-9160-3b64-9006-ed136dbd8d2a",
                    "type": "Person",
                    "_label": "Colnaghi's"
                }
            ],
            "transferred_title_to": [
                {
                    "id": "urn:uuid:29246664-db2b-3f62-8ba6-5e82ad675c77",
                    "type": "Group",
                    "_label": "M. Knoedler & Co."
                },
                {
                    "id": "urn:uuid:e58f4290-9160-3b64-9006-ed136dbd8d2a",
                    "type": "Person",
                    "_label": "Colnaghi's"
                }
            ]
        }
    ],
    "identified_by": [
        {
            "type": "Name",
            "content": "Knoedler Purchase of Stock Numbers A941-A952 (1929-09-26)"
        }
    ]
}