{
    "@context": "https://linked.art/ns/v1/linked-art.json",
    "id": "urn:uuid:3eb3f7e3-978f-3cdc-b03b-c856b4ec47b3",
    "type": "Person",
    "_label": "Pitet ain\u00e9",
    "identified_by": [
        {
            "type": "Name",
            "classified_as": [
                {
                    "id": "http://vocab.getty.edu/aat/300404670",
                    "type": "Type",
                    "_label": "Primary Name"
                }
            ],
            "content": "Pitet ain\u00e9",
            "referred_to_by": [
                {
                    "id": "urn:uuid:c65043a3-7049-3cae-8ba6-3f279603c915",
                    "type": "LinguisticObject",
                    "_label": "Knoedler Stock Book 4, Page 158, Row 22"
                }
            ]
        },
        {
            "type": "Name",
            "classified_as": [
                {
                    "id": "http://vocab.getty.edu/aat/300266386",
                    "type": "Type",
                    "_label": "Personal Name"
                }
            ],
            "content": "Pitet ain\u00e9 Paris",
            "referred_to_by": [
                {
                    "id": "urn:uuid:c65043a3-7049-3cae-8ba6-3f279603c915",
                    "type": "LinguisticObject",
                    "_label": "Knoedler Stock Book 4, Page 158, Row 22"
                }
            ]
        }
    ],
    "referred_to_by": [
        {
            "id": "urn:uuid:c65043a3-7049-3cae-8ba6-3f279603c915",
            "type": "LinguisticObject",
            "_label": "Knoedler Stock Book 4, Page 158, Row 22"
        },
        {
            "id": "urn:uuid:c5feae26-2eb0-353d-a089-133f6f5b6b7a",
            "type": "LinguisticObject",
            "_label": "STAR Knoedler Database"
        }
    ],
    "carried_out": [
        {
            "id": "urn:uuid:94b253e8-a891-35e2-8090-50a3ccf7abad",
            "type": "Activity",
            "classified_as": [
                {
                    "id": "http://vocab.getty.edu/aat/300393179",
                    "type": "Type",
                    "_label": "Residing",
                    "classified_as": [
                        {
                            "id": "http://vocab.getty.edu/aat/300393211",
                            "type": "Type",
                            "_label": "Location Activity or State"
                        }
                    ]
                }
            ],
            "referred_to_by": [
                {
                    "id": "urn:uuid:c65043a3-7049-3cae-8ba6-3f279603c915",
                    "type": "LinguisticObject",
                    "_label": "Knoedler Stock Book 4, Page 158, Row 22"
                }
            ],
            "took_place_at": [
                {
                    "id": "urn:uuid:845e8dce-78d1-37bd-b51c-b06079501701",
                    "type": "Place",
                    "_label": "Paris"
                }
            ]
        }
    ]
}