{
    "@context": "https://linked.art/ns/v1/linked-art.json",
    "id": "urn:uuid:1f616814-49c1-31a0-905e-fc686260e585",
    "type": "Person",
    "_label": "MURILLO, BARTOLOM\u00c9 ESTEBAN",
    "classified_as": [
        {
            "id": "http://vocab.getty.edu/aat/300111215",
            "type": "Type",
            "_label": "Spanish",
            "classified_as": [
                {
                    "id": "http://vocab.getty.edu/aat/300379842",
                    "type": "Type",
                    "_label": "Nationality"
                }
            ]
        }
    ],
    "identified_by": [
        {
            "type": "Name",
            "classified_as": [
                {
                    "id": "http://vocab.getty.edu/aat/300404670",
                    "type": "Type",
                    "_label": "Primary Name"
                }
            ],
            "content": "MURILLO, BARTOLOM\u00c9 ESTEBAN",
            "referred_to_by": [
                {
                    "id": "urn:uuid:59041ec3-a39a-34cd-9e9b-4922ccc8c776",
                    "type": "LinguisticObject",
                    "_label": "Knoedler Stock Book 5, Page 110, Row 24"
                }
            ]
        },
        {
            "type": "Name",
            "classified_as": [
                {
                    "id": "http://vocab.getty.edu/aat/300266386",
                    "type": "Type",
                    "_label": "Personal Name"
                }
            ],
            "content": "Murillo",
            "referred_to_by": [
                {
                    "id": "urn:uuid:59041ec3-a39a-34cd-9e9b-4922ccc8c776",
                    "type": "LinguisticObject",
                    "_label": "Knoedler Stock Book 5, Page 110, Row 24"
                }
            ]
        }
    ],
    "referred_to_by": [
        {
            "id": "urn:uuid:59041ec3-a39a-34cd-9e9b-4922ccc8c776",
            "type": "LinguisticObject",
            "_label": "Knoedler Stock Book 5, Page 110, Row 24"
        },
        {
            "id": "urn:uuid:c5feae26-2eb0-353d-a089-133f6f5b6b7a",
            "type": "LinguisticObject",
            "_label": "STAR Knoedler Database"
        }
    ]
}