{
    "@context": "https://linked.art/ns/v1/linked-art.json",
    "id": "urn:uuid:dccd5a18-b8df-384e-b34d-9f699d04ca0a",
    "type": "Place",
    "_label": "England",
    "classified_as": [
        {
            "id": "http://vocab.getty.edu/aat/300387506",
            "type": "Type",
            "_label": "countries (sovereign states)"
        }
    ],
    "identified_by": [
        {
            "type": "Name",
            "classified_as": [
                {
                    "id": "http://vocab.getty.edu/aat/300404670",
                    "type": "Type",
                    "_label": "Primary Name"
                }
            ],
            "content": "England"
        }
    ],
    "defined_by": "{\"type\": \"FeatureCollection\", \"features\": [{\"type\": \"Feature\", \"geometry\": {\"type\": \"Point\", \"coordinates\": [-2.0, 53.0]}, \"properties\": {\"name\": \"England\"}}]}",
    "referred_to_by": [
        {
            "id": "http://www.getty.edu/vow/TGNFullDisplay?find=&place=&nation=&subjectid=7002445",
            "type": "DigitalObject",
            "_label": "http://www.getty.edu/vow/TGNFullDisplay?find=&place=&nation=&subjectid=7002445"
        },
        {
            "id": "urn:uuid:c5feae26-2eb0-353d-a089-133f6f5b6b7a",
            "type": "LinguisticObject",
            "_label": "STAR Knoedler Database"
        }
    ],
    "part_of": [
        {
            "id": "urn:uuid:91858bf8-1af1-31c8-bbcf-a091f2452a01",
            "type": "Place",
            "_label": "United Kingdom"
        }
    ],
    "exact_match": [
        {
            "id": "http://vocab.getty.edu/tgn/7002445"
        }
    ]
}