{
    "@context": "https://linked.art/ns/v1/linked-art.json",
    "id": "urn:uuid:9104a727-b31e-3dee-8ef0-211439e48d62",
    "type": "HumanMadeObject",
    "_label": "St. Thomas of Villanueva",
    "classified_as": [
        {
            "id": "http://vocab.getty.edu/aat/300033618",
            "type": "Type",
            "_label": "Painting",
            "classified_as": [
                {
                    "id": "http://vocab.getty.edu/aat/300435443",
                    "type": "Type",
                    "_label": "Type of Work"
                }
            ]
        }
    ],
    "identified_by": [
        {
            "type": "Identifier",
            "classified_as": [
                {
                    "id": "http://vocab.getty.edu/aat/300412177",
                    "type": "Type",
                    "_label": "Stock Number"
                }
            ],
            "content": "A942",
            "assigned_by": [
                {
                    "type": "AttributeAssignment",
                    "carried_out_by": [
                        {
                            "id": "urn:uuid:29246664-db2b-3f62-8ba6-5e82ad675c77",
                            "type": "Group",
                            "_label": "M. Knoedler & Co."
                        }
                    ]
                }
            ]
        },
        {
            "type": "Name",
            "classified_as": [
                {
                    "id": "http://vocab.getty.edu/aat/300417193",
                    "type": "Type",
                    "_label": "Title"
                }
            ],
            "content": "St. Thomas of Villanueva",
            "referred_to_by": [
                {
                    "id": "urn:uuid:6f2b6d71-e9d3-3cfe-8fb7-8d8bfc326ae7",
                    "type": "LinguisticObject",
                    "_label": "Knoedler Stock Book 8, Page 99, Row 13"
                }
            ]
        }
    ],
    "referred_to_by": [
        {
            "id": "urn:uuid:6f2b6d71-e9d3-3cfe-8fb7-8d8bfc326ae7",
            "type": "LinguisticObject",
            "_label": "Knoedler Stock Book 8, Page 99, Row 13"
        },
        {
            "type": "LinguisticObject",
            "classified_as": [
                {
                    "id": "http://vocab.getty.edu/aat/300435430",
                    "type": "Type",
                    "_label": "Dimension Statement",
                    "classified_as": [
                        {
                            "id": "http://vocab.getty.edu/aat/300418049",
                            "type": "Type",
                            "_label": "Brief Text"
                        }
                    ]
                }
            ],
            "content": "30 1/4 x 52 1/4",
            "referred_to_by": [
                {
                    "id": "urn:uuid:6f2b6d71-e9d3-3cfe-8fb7-8d8bfc326ae7",
                    "type": "LinguisticObject",
                    "_label": "Knoedler Stock Book 8, Page 99, Row 13"
                }
            ]
        },
        {
            "id": "urn:uuid:c5feae26-2eb0-353d-a089-133f6f5b6b7a",
            "type": "LinguisticObject",
            "_label": "STAR Knoedler Database"
        }
    ],
    "dimension": [
        {
            "type": "Dimension",
            "classified_as": [
                {
                    "id": "http://vocab.getty.edu/aat/300055642",
                    "type": "Type",
                    "_label": "Unknown physical dimension"
                }
            ],
            "value": 30.25,
            "unit": {
                "id": "http://vocab.getty.edu/aat/300379100",
                "type": "MeasurementUnit",
                "_label": "inches"
            },
            "identified_by": [
                {
                    "type": "Name",
                    "content": "30.25 inches"
                }
            ],
            "referred_to_by": [
                {
                    "id": "urn:uuid:6f2b6d71-e9d3-3cfe-8fb7-8d8bfc326ae7",
                    "type": "LinguisticObject",
                    "_label": "Knoedler Stock Book 8, Page 99, Row 13"
                }
            ]
        },
        {
            "type": "Dimension",
            "classified_as": [
                {
                    "id": "http://vocab.getty.edu/aat/300055642",
                    "type": "Type",
                    "_label": "Unknown physical dimension"
                }
            ],
            "value": 52.25,
            "unit": {
                "id": "http://vocab.getty.edu/aat/300379100",
                "type": "MeasurementUnit",
                "_label": "inches"
            },
            "identified_by": [
                {
                    "type": "Name",
                    "content": "52.25 inches"
                }
            ],
            "referred_to_by": [
                {
                    "id": "urn:uuid:6f2b6d71-e9d3-3cfe-8fb7-8d8bfc326ae7",
                    "type": "LinguisticObject",
                    "_label": "Knoedler Stock Book 8, Page 99, Row 13"
                }
            ]
        }
    ],
    "shows": [
        {
            "id": "urn:uuid:0a9c41d0-6901-36b0-8821-af05f1f31f2d",
            "type": "VisualItem",
            "_label": "Visual work of \u201cSt. Thomas of Villanueva\u201d"
        }
    ],
    "produced_by": {
        "type": "Production",
        "_label": "Production event for St. Thomas of Villanueva",
        "part": [
            {
                "type": "Production",
                "_label": "Production sub-event for MURILLO, BARTOLOM\u00c9 ESTEBAN",
                "carried_out_by": [
                    {
                        "id": "urn:uuid:1f616814-49c1-31a0-905e-fc686260e585",
                        "type": "Person",
                        "_label": "MURILLO, BARTOLOM\u00c9 ESTEBAN"
                    }
                ]
            }
        ]
    }
}