{
    "@context": "https://linked.art/ns/v1/linked-art.json",
    "id": "urn:uuid:46eeef9a-cf7b-3d21-96a9-18bc6a8075d3",
    "type": "HumanMadeObject",
    "_label": "Knoedler Stock Book 8",
    "classified_as": [
        {
            "id": "http://vocab.getty.edu/aat/300028051",
            "type": "Type",
            "_label": "Book",
            "classified_as": [
                {
                    "id": "http://vocab.getty.edu/aat/300435443",
                    "type": "Type",
                    "_label": "Type of Work"
                }
            ]
        }
    ],
    "identified_by": [
        {
            "type": "Identifier",
            "classified_as": [
                {
                    "id": "http://vocab.getty.edu/aat/300445021",
                    "type": "Type",
                    "_label": "Book Number"
                }
            ],
            "content": "8",
            "assigned_by": [
                {
                    "type": "AttributeAssignment",
                    "carried_out_by": [
                        {
                            "id": "urn:uuid:29246664-db2b-3f62-8ba6-5e82ad675c77",
                            "type": "Group",
                            "_label": "M. Knoedler & Co."
                        }
                    ]
                }
            ]
        },
        {
            "type": "Name",
            "classified_as": [
                {
                    "id": "http://vocab.getty.edu/aat/300417193",
                    "type": "Type",
                    "_label": "Title"
                }
            ],
            "content": "Knoedler Stock Book 8"
        }
    ],
    "referred_to_by": [
        {
            "id": "urn:uuid:c5feae26-2eb0-353d-a089-133f6f5b6b7a",
            "type": "LinguisticObject",
            "_label": "STAR Knoedler Database"
        }
    ]
}