{
    "@context": "https://linked.art/ns/v1/linked-art.json",
    "id": "urn:uuid:0a9c41d0-6901-36b0-8821-af05f1f31f2d",
    "type": "VisualItem",
    "_label": "Visual work of \u201cSt. Thomas of Villanueva\u201d",
    "classified_as": [
        {
            "id": "http://vocab.getty.edu/aat/300234093",
            "type": "Type",
            "_label": "Religious Visual Works"
        },
        {
            "id": "http://vocab.getty.edu/aat/300386045",
            "type": "Type",
            "_label": "Histories (visual works)"
        }
    ],
    "identified_by": [
        {
            "type": "Name",
            "content": "St. Thomas of Villanueva",
            "referred_to_by": [
                {
                    "id": "urn:uuid:6f2b6d71-e9d3-3cfe-8fb7-8d8bfc326ae7",
                    "type": "LinguisticObject",
                    "_label": "Knoedler Stock Book 8, Page 99, Row 13"
                }
            ]
        }
    ],
    "referred_to_by": [
        {
            "id": "urn:uuid:6f2b6d71-e9d3-3cfe-8fb7-8d8bfc326ae7",
            "type": "LinguisticObject",
            "_label": "Knoedler Stock Book 8, Page 99, Row 13"
        },
        {
            "id": "urn:uuid:c5feae26-2eb0-353d-a089-133f6f5b6b7a",
            "type": "LinguisticObject",
            "_label": "STAR Knoedler Database"
        }
    ],
    "represents_instance_of_type": [
        {
            "id": "http://vocab.getty.edu/aat/300189808",
            "type": "Type",
            "_label": "Figures (representations) "
        }
    ]
}