{
    "@context": "https://linked.art/ns/v1/linked-art.json",
    "id": "urn:uuid:f66d1abf-c438-31b8-ba3f-c2ac746c75e0",
    "type": "Place",
    "_label": "Europe",
    "classified_as": [
        {
            "id": "http://vocab.getty.edu/aat/300128176",
            "type": "Type",
            "_label": "continents"
        }
    ],
    "identified_by": [
        {
            "type": "Name",
            "classified_as": [
                {
                    "id": "http://vocab.getty.edu/aat/300404670",
                    "type": "Type",
                    "_label": "Primary Name"
                }
            ],
            "content": "Europe"
        }
    ],
    "defined_by": "{\"type\": \"FeatureCollection\", \"features\": [{\"type\": \"Feature\", \"geometry\": {\"type\": \"Point\", \"coordinates\": [15.016, 56.2]}, \"properties\": {\"name\": \"Europe\"}}]}",
    "referred_to_by": [
        {
            "id": "http://www.getty.edu/vow/TGNFullDisplay?find=&place=&nation=&subjectid=1000003",
            "type": "DigitalObject",
            "_label": "http://www.getty.edu/vow/TGNFullDisplay?find=&place=&nation=&subjectid=1000003"
        },
        {
            "id": "urn:uuid:c5feae26-2eb0-353d-a089-133f6f5b6b7a",
            "type": "LinguisticObject",
            "_label": "STAR Knoedler Database"
        }
    ],
    "exact_match": [
        {
            "id": "http://vocab.getty.edu/tgn/1000003"
        }
    ]
}